Title,URL,Category,Protein
"American Goulash Recipe - Spend With Pennies","https://www.spendwithpennies.com/grandmas-goulash/","Main Dishes","Beef"
"10 Tips For Making Glorious Soft Pretzels From Scratch","https://www.tastingtable.com/1453543/tips-making-glorious-soft-pretzels-at-home/","Appetizers & Snacks","N/A"
"13 Homemade Pretzel Recipes","https://www.thespruceeats.com/homemade-pretzel-recipes-4796517","Appetizers & Snacks","N/A"
"19 Of The Best Authentic Spanish Tapas Recipes","https://fooddrinkdestinations.com/best-authentic-spanish-tapas-recipes/","Appetizers & Snacks","N/A"
"20-Minute French Cheese Puffs Recipe (Gougère) Is So Easy to Make","https://flip.it/TVtoJ7","Appetizers & Snacks","N/A"
"20-Minute Gougère Recipe (French Cheese Puffs) Is So Easy to Make","https://flip.it/C0vV86","Appetizers & Snacks","N/A"
"3 empanada recipes from regions across Latin America that you can make at home","https://flip.it/6mkQrV","Appetizers & Snacks","N/A"
"50 Super Simple Snacks to Make in the Air Fryer","https://flipboard.com/@savoredjourneys/50-super-simple-snacks-to-make-in-the-air-fryer-knh7cdk9238gepuq?from=share&utm_source=flipboard&utm_medium=share","Appetizers & Snacks","N/A"
"Banana Cookies Are the Ideal Mid-Afternoon Snack","https://flip.it/aGhOw1","Appetizers & Snacks","N/A"
"Best Ever Velveeta Queso Dip Recipe - Try it on the Grill | Hip2Save","https://hip2save.com/recipes/velveeta-queso/","Appetizers & Snacks","N/A"
"""Bubba&#39;s Copycat Hush Puppies Recipe: They&#39;re Good, &amp; That&#39;s All I Have to Say About That | Side Dishes | 30Seconds Food""","https://flip.it/hNzMb5","Appetizers & Snacks","N/A"
"Cheesy Hot Mexican Street Corn Dip Recipe Can Be an Appetizer or Side Dish","https://flip.it/8-__n6","Appetizers & Snacks","N/A"
"Chicken Samosas","https://flip.it/Gdg7eZ","Appetizers & Snacks","Chicken"
"Choriqueso | The Splendid Table","https://www.splendidtable.org/story/2025/07/23/choriqueso?utm_source=flipboard&utm_content=topic/cooking","Appetizers & Snacks","Chorizo"
"Chorizo Velveeta Queso Blanco Recipe","https://flip.it/Mey4-j","Appetizers & Snacks","Pork"
"Copycat Steakhouse Bloomin’ Onion Recipe With Creamy Dipping Sauce","https://flip.it/wekuO5","Appetizers & Snacks","Beef"
"Cowboy Caviar Recipe | Culinary Hill","https://www.culinaryhill.com/cowboy-caviar-recipe/","Appetizers & Snacks","Beans / Legumes"
"""Crab Cake Bites with Old Bay Mayo, Chives, and Lemon""","https://flip.it/gtdXc0","Appetizers & Snacks","Crab / Crawfish"
"Creamy Corn Jalapeño Dip With Bacon","https://flip.it/2sQPJn","Appetizers & Snacks","Pork"
"Crispy Crab Balls Recipe: Serve As an Appetizer or Main Dish","https://flip.it/E_6nJW","Appetizers & Snacks","Crab / Crawfish"
"Crispy Fluffy Hush Puppies Recipe","https://www.tastingtable.com/686094/best-hush-puppies-recipe-southern-food/","Appetizers & Snacks","N/A"
"Crostino alla Palermitana (Palermitano Toast) Recipe","https://flip.it/tI5VBh","Appetizers & Snacks","N/A"
"Delicious Homemade Sausage Rolls | BaldHiker","https://flip.it/iHHKOV","Appetizers & Snacks","Pork"
"Delicious Homemade Sausage Rolls | BaldHiker","https://flip.it/cS-L1J","Appetizers & Snacks","Pork"
"Deviled Egg Dip Recipe","https://www.southernliving.com/deviled-egg-dip-8649346","Appetizers & Snacks","Eggs"
"Easy Cheese Fondue Recipe","https://flip.it/RXB6jU","Appetizers & Snacks","N/A"
"Easy Empada Recipe: Let&#39;s Make This Brazilian Empada Dough Recipe With a Ground Beef Filling | Appetizers | 30Seconds Food","https://30seconds.com/food/tip/22375/Easy-Empada-Recipe-Lets-Make-This-Brazilian-Empada-Dough-Recipe-With-a-Ground-Beef-Filling","Appetizers & Snacks","Beef"
"Flour Tortilla Chips: Baked for a Light and Crispy Snack","https://stripedspatula.com/baked-flour-tortilla-chips/","Appetizers & Snacks","N/A"
"Gluten Free Graham Crackers | Just Like Nabisco!","https://glutenfreeonashoestring.com/gluten-free-nabisco-graham-crackers-from-classic-snacks/","Appetizers & Snacks","Pork"
"Gougères Recipe (French Cheese Puffs) | Saveur","https://www.saveur.com/article/Recipes/Gougeres/","Appetizers & Snacks","N/A"
"Homemade German Pretzels: German pretzel recipe","https://amandascookin.com/homemade-german-pretzels/","Appetizers & Snacks","N/A"
"Homemade Pimento Cheese Recipe » Housewife How-Tos®","https://housewifehowtos.com/cook/recipe-homemade-pimento-cheese/","Appetizers & Snacks","N/A"
"How to make a copycat version of Outback Steakhouse&#39;s Bloomin Onions in your airfryer","https://flip.it/aGnbvN","Appetizers & Snacks","Beef"
"How to make real Bavarian Pretzels at home - Days of Jay","https://flip.it/n7Qxwm","Appetizers & Snacks","N/A"
"""If You&#39;re Craving Belizean Panades, Make Them With This Recipe""","https://caribbeanlifestyle.com/craving-belizean-panades-recipe-belize-corn-masa/","Appetizers & Snacks","Beans / Legumes"
"""It&#39;s almost too easy to make hot, fresh, fried onion rings""","https://flip.it/LYg8wA","Appetizers & Snacks","N/A"
"Pay De Queso Recipe (Mexican Cheese Pie) | The Kitchn","https://www.thekitchn.com/pay-de-queso-recipe-23612638","Appetizers & Snacks","N/A"
"Pimento Cheese Drop Biscuits | The Beach House Kitchen","https://thebeachhousekitchen.com/2016/05/02/pimento-cheese-drop-biscuits/","Appetizers & Snacks","N/A"
"Provoleta Recipe: Where Has This Argentinian Melted Provolone Appetizer Recipe Been All My Life?","https://flip.it/3ssDDV","Appetizers & Snacks","N/A"
"""Queso Blanco Cheese Dip Recipe: This Easy, Cheesy White Queso Recipe Is What to Sink Your Chips Into""","https://flip.it/dwIj7P","Appetizers & Snacks","N/A"
"Schiacciata: The Tuscan Flatbread That&#39;s Sure To Up Your Appetizer Game - Tasting Table","https://flip.it/weUxsp","Breads & Flatbreads","N/A"
"Soft Baked Pretzel Recipe","https://flip.it/XDzdbP","Appetizers & Snacks","N/A"
"Soft Bavarian Pretzels (video included) | Jernej Kitchen","https://jernejkitchen.com/recipes/bread-and-doughs/bavarian-pretzels","Appetizers & Snacks","N/A"
"Spicy buttermilk onion rings | Homesick Texan","https://www.homesicktexan.com/2011/05/onion-rings-buttermilk-spicy-texas.html","Appetizers & Snacks","N/A"
"Super Crispy Lemon Pepper Chicken Wings Recipe for the Ball Drop | Appetizers | 30Seconds Food","https://30seconds.com/food/tip/21906/Super-Crispy-Lemon-Pepper-Chicken-Wings-Recipe-for-the-Ball-Drop?utm_source=flipboard&utm_content=30Secondscom/magazine/30Seconds.com","Appetizers & Snacks","Chicken"
"Surullitos – Puerto Rican Corn Sticks","https://www.goya.com/en/recipes/surullitos-puerto-rican-corn-sticks","Appetizers & Snacks","N/A"
"Sweet Caramel Cinnamon Chex Mix Recipe Is Amazing Holiday Snacking | Snacks | 30Seconds Food","https://30seconds.com/food/tip/20073/Sweet-Caramel-Cinnamon-Chex-Mix-Recipe-Is-Amazing-Holiday-Snacking","Appetizers & Snacks","N/A"
"The Best Appetizers To Serve On Game Day","https://flipboard.com/@foodloverskit/the-best-appetizers-to-serve-on-game-day-fh7o2e3lqjspdqnt?from=share&utm_source=flipboard&utm_medium=share","Appetizers & Snacks","N/A"
"The One Street Food Argentinians Can’t Live Without — Choripán","https://www.gamintraveler.com/2025/07/19/how-to-make-homemade-argentinian-empanadas/?utm_source=flipboard&utm_content=food/magazine/The+Recipe+Exchange","Appetizers & Snacks","Chorizo"
"""The secret to making crispy, delicious onion rings at home""","https://flip.it/DF9Kim","Appetizers & Snacks","N/A"
"Best Homemade Brownies Recipe - Love and Lemons","https://www.loveandlemons.com/brownies-recipe/","Bars & Brownies","N/A"
"Brookies Recipe","https://www.thespruceeats.com/brookies-the-best-of-both-worlds-5093896","Bars & Brownies","N/A"
"Brown Butter-Maple-Pecan Blondies Recipe | Southern Living","https://flip.it/eTYbZa","Bars & Brownies","N/A"
"Brownie Pudding Recipe","https://www.browneyedbaker.com/brownie-pudding-recipe/","Bars & Brownies","N/A"
"Fluffy Chocolate Mousse Brownies Recipe","https://flip.it/2WrPrZ","Bars & Brownies","N/A"
"Fudgy Oreo Truffles","https://flip.it/XlA9eZ","Bars & Brownies","N/A"
"Gluten-Free Lemon Bars Recipe | The Frugal Farm Wife","https://www.frugalfarmwife.com/article/gluten-free-lemon-bars-recipe/","Bars & Brownies","N/A"
"How to make the best peppermint bark for the holidays","https://flip.it/jckpYd","Bars & Brownies","N/A"
"I Made Ina Garten&#39;s Brownie Pudding Recipe and It&#39;s Even BETTER Than You Can Imagine","https://flip.it/qfG-8X","Bars & Brownies","N/A"
"Made-from-Scratch Bacon Recipe - Barbecuebible.com","https://barbecuebible.com/recipe/made-scratch-bacon/","Bars & Brownies","Pork"
"Mint Brownies | Kitchn","https://www.thekitchn.com/mint-brownies-266946","Bars & Brownies","N/A"
"My Family Is Requesting These Gooey Lemon Brownies On Repeat - Spatula Desserts","https://www.spatuladesserts.com/these-lemon-brownies-have-taken-over-the-internet/","Bars & Brownies","N/A"
"Oreoquake Fudgy Brownies Recipe","https://savewithjamies.com/oreoquake-fudgy-browniies4/","Bars & Brownies","N/A"
"Peppermint Bark Brownies","https://flip.it/PGaqeG","Bars & Brownies","N/A"
"Scotcheroos (Without Corn Syrup) | Sally&#39;s Baking Addiction","https://sallysbakingaddiction.com/scotcheroos/","Bars & Brownies","N/A"
"Tasting Table Recipe: Korean Barbecue Compound Butter Recipe","https://flip.it/IN4eev","Bars & Brownies","N/A"
"These Triple Layer Peppermint Brownies Will Put the Joy Back into Your Holiday Season","https://flip.it/ETwXMR","Bars & Brownies","N/A"
"White Chocolate Brownies With Toasted Sesame Caramel","https://flip.it/UtkXnQ","Bars & Brownies","N/A"
"Yesterday I asked for gooey brownie recipes. Today I made the gooiest brownies ever. Thank you!! ❤️ : r/Baking","https://www.reddit.com/r/Baking/comments/1714o53/yesterday_i_asked_for_gooey_brownie_recipes_today/?rdt=43524","Bars & Brownies","N/A"
"3-Ingredient Whipped Hot Chocolate Recipe Review | Cubby","https://www.cubbyathome.com/hot-chocolate-is-great-but-whipped-hot-chocolate-is-next-level-80034578","Beverages","N/A"
"Best Chocolate Banana Smoothie Recipe: Dark Chocolate Banana Smoothie Is Like Dessert In a Glass","https://flip.it/3Z9fh4","Beverages","N/A"
"Best Copycat Disney Dole Whip Recipe - How to Make Dole Whip","https://parade.com/1213672/kristamarshall/copycat-disney-dole-whip-recipe/","Beverages","N/A"
"Disney&#39;s Dole Whip Recipe Is Easy to Make at Home","https://flip.it/qS-jEe","Beverages","N/A"
"Hot Chocolate Cheesecake Recipe: Mini Cheesecakes Are Worth Coming Down the Chimney For","https://flip.it/XCLJcE","Beverages","N/A"
"Hot Chocolate Cookies • Love From The Oven","https://www.lovefromtheoven.com/hot-chocolate-cookies/?fbclid=IwAR0nLHPdc-owKHIiiWWboPkhT3MGO-en1Bj_c52yP4ySVWf4z7dlT2gH7m0","Beverages","N/A"
"Hot Cocoa Cake with Peppermint-Marshmallow Frosting","https://flip.it/DEDZ3a","Beverages","N/A"
"How to Make Cashew Milk | Downshiftology","https://downshiftology.com/how-to-make-cashew-milk/","Beverages","N/A"
"How to Make Hot Chocolate Bombs — With or Without a Mold | Kitchn","https://www.thekitchn.com/hot-chocolate-bombs-recipe-23123589?utm_source=RSS&utm_medium=feed&utm_campaign=Category/Channel:+collection/affiliate","Beverages","N/A"
"How To Make Hot Chocolate | Kitchn","https://www.thekitchn.com/how-to-make-hot-chocolate-238399","Beverages","N/A"
"How to Make Oat Milk Recipe - Love and Lemons","https://www.loveandlemons.com/oat-milk/","Beverages","N/A"
"How To Make The Best Margaritas At Home","https://www.thetakeout.com/1965854/best-homemade-margarita-tips/","Beverages","N/A"
"Hurricane Cocktail Recipe for Mardi Gras (Pat O&#39;Brien Would Be Proud) | Cocktails | 30Seconds Food","https://30seconds.com/food/tip/14704/Hurricane-Cocktail-Recipe-for-Mardi-Gras-Pat-OBrien-Would-Be-Proud","Beverages","N/A"
"Hurricane Cocktail: A Taste of New Orleans at Home","https://www.2foodtrippers.com/hurricane-cocktail-a-taste-of-new-orleans-at-home/?utm_source=flipboard&utm_content=topic%2Ffood","Beverages","N/A"
"Mexican Hot Chocolate Vs Champurrado: Is There A Difference?","https://www.tastingtable.com/1778085/difference-mexican-hot-chocolate-vs-champurrado/?zsource=flipboard","Beverages","N/A"
"Oat Milk Ice Cream (Dairy Free) | Kitchn","https://www.thekitchn.com/oat-milk-ice-cream-recipe-23199145?utm_source=RSS&utm_medium=feed&utm_campaign=Category/Channel:+collection/kid-friendly/dessert","Ice Cream & Frozen Desserts","N/A"
"Real Deal Real Easy Dutch Hot Chocolate","https://gfreefoodie.com/real-deal-dutch-hot-chocolate/","Beverages","N/A"
"Traditional Gluhwein Recipe","https://flip.it/UiHLiR","Beverages","N/A"
"&quot;Thousand Layer&quot; Chocolate Brioche","https://flip.it/M9VV39","Breads & Flatbreads","N/A"
"Gluten Free Vegan Bread","https://moonandspoonandyum.com/gluten-free-vegan-bread-recipe/","Breads & Flatbreads","Plant-Based"
"Old Fashioned Buttermilk donuts","https://www.thekitchn.com/old-fashioned-buttermilk-bar-donuts-recipe-23018355","Breads & Flatbreads","N/A"
"20-Minute Apple Fritter Recipe With a Cinnamon Sugar Glaze (OMG)","https://flip.it/TJrkHT","Breads & Flatbreads","N/A"
"20-Minute Gluten-free Brazilian Cheese Bread Recipe (Pão de Queijo)","https://flip.it/0nXPeR","Breads & Flatbreads","N/A"
"4 Different Pizza Styles You Need To Try Making - Cuisine Noir Magazine","https://flip.it/vlAosr","Breads & Flatbreads","N/A"
"Adam Richman&#39;s Pulled Pork Egg Rolls","https://www.tastingtable.com/cook/recipes/mhl-2016-adam-richman-pulled-pork-egg-rolls-recipe","Breads & Flatbreads","Pork"
"Aloo Paratha - North Indian flatbread","https://flip.it/eB4S_l","Breads & Flatbreads","N/A"
"""Alton Brown&#39;s Easy Hack For Flaky, Layered Donuts""","https://flip.it/ZGzBm-","Breads & Flatbreads","N/A"
"An Italian Grandma&#39;s Pizza Fritte Recipe (Fried Dough): From My Family to Yours","https://flip.it/LYB2-s","Breads & Flatbreads","N/A"
"Anytime Orange Muffins Recipe | Bon Appétit","https://www.bonappetit.com/recipe/anytime-orange-muffins-recipe","Mufins","N/A"
"Apple Cider Doughnut Blondies Are Two Desserts in One","https://flip.it/oHHhO8","Breakfast & Brunch","N/A"
"Authentic Injera (Ethiopian Flatbread) - The Daring Gourmet","https://www.daringgourmet.com/authentic-injera-ethiopian-flatbread/","Breads & Flatbreads","N/A"
"""Bacon, Cheddar &amp; Green Onion Scones""","https://flip.it/8eDIY6","Breads & Flatbreads","Pork"
"Banana Chocolate Chip Muffins","https://flip.it/rtqhEG","Mufins","N/A"
"Banana Crumb Cake Muffin Tops | The Beach House Kitchen","https://thebeachhousekitchen.com/2015/09/03/banana-crumb-cake-muffin-tops/","Mufins","N/A"
"BEEF SAUSAGE AND CHEDDAR MONKEY BREAD","https://flip.it/pAmC4o","Breads & Flatbreads","Pork"
"Best Garlic Bread Recipe - How To Make Garlic Bread","https://www.delish.com/cooking/recipe-ideas/a24803098/easy-garlic-bread-recipe/","Breads & Flatbreads","N/A"
"Best Millionaire Shortbread Recipe - How To Make Millionaire Shortbread","https://www.delish.com/cooking/a25781497/millionaire-shortbread-recipe/","Desserts (General)","N/A"
"Billionaire’s Shortbread Recipe","https://flip.it/GNz0BO","Desserts (General)","N/A"
"Brazilian Cheese Bread (Pão de Queijo) | America&#39;s Test Kitchen","https://flip.it/3ovmAn","Breads & Flatbreads","N/A"
"Bread head: why you need migas in your life to help use up that stale loaf","https://flip.it/d._EgK","Breads & Flatbreads","N/A"
"Breton Butter Cake Is The Classic French Dessert Resembling Shortbread","https://www.tastingtable.com/1387325/breton-butter-cake-french-dessert-similar-shortbread/","Cakes & Cheesecakes","N/A"
"Brioche Cinnamon Rolls - Spatula Desserts","https://www.spatuladesserts.com/brioche-cinnamon-rolls/#","Breakfast & Brunch","N/A"
"Brioche: The Bread of All Breads (According to Sense &amp; Edibility)","https://senseandedibility.com/brioche-bread-recipe/","Breads & Flatbreads","N/A"
"Buckingham Palace zimtsterne","https://www.delicious.com.au/eat-out/article/buckingham-palace-shares-recipe-cinnamon-star-biscuits-christmas/m9uyyp59","Breads & Flatbreads","Pork"
"Butter &amp; Garlic Pull-apart Bread Recipe Is Overflowing With Garlicy Goodness","https://flip.it/H7xWBz","Breads & Flatbreads","N/A"
"Buttery Lemon Shortbread Cookies Recipe (6 Ingredients) | Cookies | 30Seconds Food","https://30seconds.com/food/tip/42979/Buttery-Lemon-Shortbread-Cookies-Recipe-6-Ingredients","Cookies","N/A"
"cardamom shortbread cookies","https://www.nordicware.com/recipe/brown-sugar--cardamom-stamped-shortbread-cookies/","Cookies","N/A"
"Cast Iron Pan Pizza","https://flip.it/EeDMD7","Breads & Flatbreads","Beef"
"Challah","https://flip.it/AEu4QG","Breads & Flatbreads","N/A"
"Cheesy Chicken Fritters","https://flip.it/DFnBA8","Breads & Flatbreads","Chicken"
"Cheesy Pull-Apart Bread","https://flip.it/-Dx90A","Breads & Flatbreads","N/A"
"Chef&#39;s Fluffy Hokkaido Milk Bread Recipe Is How to Make Mouth-Watering Asian Bread at Home","https://flip.it/tGKG7Z","Breads & Flatbreads","N/A"
"Choco Croissants","http://sallysbakingaddiction.com/homemade-chocolate-croissants/","Breads & Flatbreads","N/A"
"Chocolate &amp; Caramelised Banana Bread","https://flip.it/mrPwXI","Breads & Flatbreads","N/A"
"Chocolate Brioche Recipe | Tasting Table","https://www.tastingtable.com/cook/recipes/marbled-chocolate-brioche-recipe","Breads & Flatbreads","N/A"
"Churro Cupcakes! And 16 More Sinfully Delicious Cinnamon Desserts We Love","https://flip.it/YvfN4e","Desserts (General)","N/A"
"cinnamon raisin bagels – smitten kitchen","https://smittenkitchen.com/2009/05/cinnamon-raisin-bagels/","Breakfast & Brunch","N/A"
"Cinnamon Swirl Raisin Bread","https://flip.it/uGmAFX","Breads & Flatbreads","N/A"
"Cinnamon-Sugar Churro-Crusted Cheesecake Recipe","https://www.tastingtable.com/1501592/cinnamon-sugar-churro-crusted-cheesecake-recipe/","Cakes & Cheesecakes","N/A"
"Classic Cinnamon Bread Recipe","https://flip.it/87u-jP","Breads & Flatbreads","N/A"
"Commanders Palace Garlic Bread | CopyKat Recipes","https://copykat.com/commanders-palace-garlic-bread/","Breads & Flatbreads","N/A"
"Concha Bread","https://flip.it/c.Evc8","Breads & Flatbreads","N/A"
"Copycat Red Lobster Cheddar Bay Biscuits - The Cozy Cook","https://thecozycook.com/copycat-red-lobster-cheddar-bay-biscuits/","Breads & Flatbreads","Lobster"
"Copycat Restaurant Garlic Cheese Breadsticks Recipe: This Easy Breadstick Recipe Is Fabulous","https://flip.it/gg8cth","Breads & Flatbreads","N/A"
"Copycat Texas Roadhouse Rolls - The Cozy Cook","https://thecozycook.com/copycat-texas-roadhouse-rolls/","Breads & Flatbreads","N/A"
"Drop Biscuits Recipe","https://www.southernliving.com/drop-biscuits-8406693","Breakfast & Brunch","N/A"
"Easy Buttermilk Biscuit Recipe with Cheddar &amp; Parmesan | Tasting Table","https://www.tastingtable.com/cook/recipes/easy-cheese-buttermilk-biscuit-recipe","Breads & Flatbreads","N/A"
"Easy Gluten-Free Pizza Crust Recipe | The Frugal Farm Wife","https://www.frugalfarmwife.com/?s=Gluten+free+pizza+crust","Breads & Flatbreads","N/A"
"Easy Gluten-Free Pizza Crust Recipe | The Frugal Farm Wife","https://www.frugalfarmwife.com/article/easy-gluten-free-pizza-crust-recipe/","Breads & Flatbreads","N/A"
"Easy Homemade Naan Recipe - Step By Step Photos - Budget Bytes","https://www.budgetbytes.com/naan/","Breads & Flatbreads","N/A"
"Easy Sprouted Whole Wheat Rolls {E}","https://www.raisingarrows.net/easy-sprouted-whole-wheat-rolls-e/","Breads & Flatbreads","N/A"
"Edible Cookie Dough Recipe With Chocolate Chips | Ben &amp; Jerry’s","https://www.benjerry.com/flavors/recipes/edible-cookie-dough","Breads & Flatbreads","N/A"
"English muffin bread","https://www.kingarthurbaking.com/recipes/english-muffin-toasting-bread-recipe","Breads & Flatbreads","N/A"
"Extra-Orange Orange Muffins Recipe","https://flip.it/J9m6-5","Mufins","N/A"
"Flaky Pastry Dough Recipe - Masa Hojaldre Para Facturas","https://www.thespruceeats.com/pastry-dough-masa-hojaldre-para-facturas-3029674","Breads & Flatbreads","N/A"
"""Flaky, Buttery Biscuits""","https://flip.it/yFavn3","Breakfast & Brunch","N/A"
"Foolproof Pie Dough for Double-Crust Pie","https://flip.it/n6Iqrr","""Pies, Tarts & Cobblers""","N/A"
"Foolproof Pizza Dough | Kitchn","https://www.thekitchn.com/baking-steel-pizza-dough-23177748","Breads & Flatbreads","N/A"
"Foolproof Sourdough Starter Recipe","https://flip.it/6ZEbzc","Breads & Flatbreads","N/A"
"""For Homemade Croissants Made Easier, Look To Softened Butter""","https://www.tastingtable.com/1468120/softened-butter-makes-easier-croissants/","Breads & Flatbreads","N/A"
"Fresh-Baked Homemade English Muffins Recipe: You&#39;ll Adore These Nooks &amp; Crannies","https://flip.it/UMZ3S3","Breads & Flatbreads","N/A"
"Fried Cheesecake Rolls Recipe | Brown Sugar Food Blog","https://bsugarmama.com/fried-cheesecake-rolls-recipe/","Breakfast & Brunch","N/A"
"From-Scratch Sourdough Starter Recipe","https://flip.it/tlcUx6","Breads & Flatbreads","N/A"
"Garlic and Herb Swirl Bread","https://www.bhg.com/recipe/garlic-and-herb-swirl-bread/","Breads & Flatbreads","N/A"
"Garlic Knots Recipe","https://www.simplyrecipes.com/recipes/garlic_knots/","Breads & Flatbreads","N/A"
"Gluten Free Croissants | Great gluten free recipes for every occasion.","https://glutenfreeonashoestring.com/gluten-free-croissants/","Breads & Flatbreads","N/A"
"Gluten Free Hawaiian Rolls Recipe from Bakes Bread - with shaping videos!","https://glutenfreeonashoestring.com/gluten-free-hawaiian-rolls-with-bread-shaping-videos/","Breads & Flatbreads","N/A"
"Gluten Free Pita Bread Recipe | Gluten-Free on a Shoestring","https://glutenfreeonashoestring.com/how-to-make-quickbread-pita-bread-step-x-step/","Breads & Flatbreads","N/A"
"Gluten-Free Banana Bread Cookies {Dairy-Free Option} - Mama Knows Gluten Free","https://www.mamaknowsglutenfree.com/gluten-free-banana-bread-cookies/","Breads & Flatbreads","N/A"
"Gluten-Free Buttermilk Biscuits {Dairy-Free Option} - Mama Knows Gluten Free","https://www.mamaknowsglutenfree.com/gluten-free-biscuits/","Breakfast & Brunch","N/A"
"Gluten-Free Cinnamon Biscuits {Dairy-Free Option} - Mama Knows Gluten Free","https://www.mamaknowsglutenfree.com/gluten-free-cinnamon-biscuits/","Breakfast & Brunch","N/A"
"GO TO Croissant Recipe","https://www.theflavorbender.com/homemade-french-croissants-step-by-step-recipe/#recipe","Breads & Flatbreads","N/A"
"Grandma Rita&#39;s Soft Butter Rolls Recipe - Allrecipes.com","https://www.allrecipes.com/recipe/237066/grandma-ritas-soft-butter-rolls/","Breads & Flatbreads","N/A"
"Grandma VanDoren&#39;s White Bread Recipe - Allrecipes.com | Allrecipes","https://www.allrecipes.com/recipe/6683/grandma-vandorens-white-bread/","Breads & Flatbreads","N/A"
"Grandma&#39;s Easy Homemade Butter Bread Recipe Is Full of Love | Bread/Muffins | 30Seconds Food","https://30seconds.com/food/tip/58376/Grandmas-Easy-Homemade-Butter-Bread-Recipe-Is-Full-of-Love","Breads & Flatbreads","N/A"
"Grandma&#39;s Easy Pineapple Bread Recipe: An Unbelievably Moist Taste of the Tropics | Bread/Muffins | 30Seconds Food","https://30seconds.com/food/tip/46454/Grandmas-Easy-Pineapple-Bread-Recipe-An-Unbelievably-Moist-Taste-of-the-Tropics","Breads & Flatbreads","N/A"
"Grandma&#39;s Irish Soda Bread - Sally&#39;s Baking Addiction","https://sallysbakingaddiction.com/grandmas-irish-soda-bread/","Breads & Flatbreads","N/A"
"Gretchen&#39;s table: Vermont apple cider doughnuts","https://flip.it/Ci6RxY","Breakfast & Brunch","N/A"
"Homemade Chocolate Chip Cookie Dough Ice Cream – Modern Honey","https://www.modernhoney.com/homemade-chocolate-chip-cookie-dough-ice-cream/","Ice Cream & Frozen Desserts","N/A"
"Homemade Cinnamon Raisin Bread | The Pioneer Woman","https://thepioneerwoman.com/food-and-friends/homemade-cinnamon-raisin-bread/","Breads & Flatbreads","N/A"
"Homemade Cinnamon Rolls {Secret Ingredient} | Tastes of Lizzy T","https://www.tastesoflizzyt.com/homemade-cinnamon-rolls/","Breakfast & Brunch","N/A"
"Homemade Dutch Oven Bread Recipe by Tasty","https://tasty.co/recipe/homemade-dutch-oven-bread","Breads & Flatbreads","N/A"
"Homemade English Tea Biscuits Recipe Better than Store Bought","https://www.plumdeluxe.com/english-tea-biscuits-recipe","Cookies","N/A"
"Homemade French Croissants (step by step recipe) - The Flavor Bender","https://www.theflavorbender.com/homemade-french-croissants-step-by-step-recipe/","Breads & Flatbreads","N/A"
"Homemade Garlic Knots (Recipe + Video) | Sally&#39;s Baking Addiction","https://sallysbakingaddiction.com/garlic-knots-recipe/","Breads & Flatbreads","N/A"
"Homemade Hawaiian Bread Rolls - Handle the Heat","https://www.handletheheat.com/homemade-hawaiian-bread-rolls/","Breads & Flatbreads","N/A"
"Homemade Kingston Biscuits - an Aussie classic - Sugar Salt Magic","https://www.sugarsaltmagic.com/oat-hazelnut-yoyo/","Breads & Flatbreads","N/A"
"Homemade Naan Recipe: How To Make Authentic Indian Flatbread At Home","https://www.gamintraveler.com/2025/07/06/how-to-make-homemade-naan/?utm_source=flipboard&utm_content=food/magazine/The+Recipe+Exchange","Breads & Flatbreads","N/A"
"Homemade Pop Tarts Recipe","https://www.thespruceeats.com/homemade-pop-tarts-recipe-5097471","Breakfast & Brunch","N/A"
"Homemade Pop Tarts Recipe | Brown Eyed Baker","https://www.browneyedbaker.com/homemade-pop-tarts/","Breakfast & Brunch","N/A"
"Honey Butter Cornbread Muffins","https://flip.it/AECpNV","Breads & Flatbreads","N/A"
"How to Bake These Flaky Accordion Biscuits","https://flip.it/kSN1yL","Breakfast & Brunch","N/A"
"How to Make Buttermilk Biscuits - Handle the Heat","https://www.handletheheat.com/how-to-make-buttermilk-biscuits/","Breakfast & Brunch","N/A"
"How To Make Cafe Du Monde Beignets From New Orleans","https://spoonuniversity.com/recipe/cafe-du-monde-beignets-frecipe","Desserts (General)","N/A"
"How to make Christina Tosi&#39;s red velvet shortbread sticks","https://flip.it/XFVnxV","Cookies","N/A"
"How to make cinnamon cruffins","https://www.goodhousekeeping.com/uk/food/recipes/a46441852/cinnamon-cruffins/","Muffins","N/A"
"How To Make Homemade Naan (Recipe Guide)","https://www.gamintraveler.com/2025/05/03/how-to-make-homemade-naan/?utm_source=flipboard&utm_content=food/magazine/The+Recipe+Exchange","Breads & Flatbreads","N/A"
"How to Make Old-Fashioned Doughnuts","https://flip.it/.SIO2A","Breakfast & Brunch","N/A"
"How to make traditional Buchteln (German Sweet Dumplings)","https://flip.it/Y9Gq7K","Breads & Flatbreads","N/A"
"""Hummingbird bread loaded with bananas, pineapple, coconut and pecans: Recipe""","https://flip.it/fFrdxt","Desserts (General)","N/A"
"""I Made Ina Garten&#39;s Corn Bread, and It&#39;s Amazing for Thanksgiving""","https://www.insider.com/i-made-ina-gartens-cornbread-for-thanksgiving-2021-11","Breads & Flatbreads","N/A"
"I Made Ina Garten’s Chocolate Pecan Scones—and I Can’t Wait to Make Them Again","https://flip.it/Bm_vib","Cookies","N/A"
"""I Tried the Blueberry Muffin Cookie Recipe and It Was So Good, It Should Be Illegal""","https://flip.it/4y11FR","Cookies","N/A"
"Incredibly Moist Blueberry Muffin Cake Recipe Is Better Than a Muffin | Cakes/Cupcakes | 30Seconds Food","https://30seconds.com/food/tip/60300/Incredibly-Moist-Blueberry-Muffin-Cake-Recipe-Is-Better-Than-a-Muffin","Cakes & Cheesecakes","N/A"
"Incredibly Moist Chocolate Banana Bread Recipe: This Decadent Banana Bread Recipe Is a Winner | Bread/Muffins | 30Seconds Food","https://flip.it/9YT.0m","Breads & Flatbreads","N/A"
"Incredibly Moist Chocolate Banana Bread Recipe: This Decadent Banana Bread Recipe Is a Winner | Bread/Muffins | 30Seconds Food","https://flip.it/I6YImU","Breads & Flatbreads","N/A"
"Jamaican Coco Bread Recipe: Step by Step Directions + Tips","https://www.tasteofhome.com/article/how-to-make-jamaican-coco-bread/","Breads & Flatbreads","N/A"
"Light &amp; Fluffy Traditional Spanish Magdalenas Lemon Muffins Recipe (8 Ingredients) | Spanish Recipes | 30Seconds Food","https://30seconds.com/food/tip/47286/Light-Fluffy-Traditional-Spanish-Magdalenas-Lemon-Muffins-Recipe-8-Ingredients?utm_source=flipboard&utm_content=topic/recipes","Muffins","N/A"
"Make Dollywood&#39;s Iconic Cinnamon Bread at Home With the Official Recipe | Allrecipes","https://www.allrecipes.com/syndication/official-dollywood-cinnamon-bread-recipe/","Breads & Flatbreads","N/A"
"""Make Pão de Queijo, a Cheesy Brazilian Roll""","https://flip.it/kWZTt2","Breads & Flatbreads","N/A"
"Make the Fluffiest English Muffins At Home","https://flip.it/ofy2Nl","Breads & Flatbreads","N/A"
"Maple Biscuits And Bacon Gravy Recipe","https://www.tastingtable.com/1371206/maple-biscuits-and-bacon-gravy-recipe/#","Breads & Flatbreads","Pork"
"Mashed Recipe: Delicious Cinnamon Muffin Recipe","https://flip.it/A54kuV","Muffins","N/A"
"Mashed Recipe: Fluffy Chocolate Chip Muffins Recipe","https://flip.it/2WQcVB","Muffins","N/A"
"Medialunas and Vigilantes - Croissant-style Pastries","https://www.thespruceeats.com/medialunas-and-vigilantes-croissant-style-pastries-3029683","Desserts (General)","N/A"
"Moist Apple Butter Muffins Recipe With Cinnamon Sugar Topping","https://flip.it/qDz1qT","Muffins","N/A"
"Moist Chocolate Banana Bread Recipe: This Decadent Banana Bread Recipe Is a Winner | Desserts | 30Seconds Food","https://30seconds.com/food/tip/13624/Moist-Chocolate-Banana-Bread-Recipe-This-Decadent-Banana-Bread-Recipe-Is-a-Winner","Breads & Flatbreads","N/A"
"My Favorite Banana Bread Recipe | Sally&#39;s Baking Addiction","https://sallysbakingaddiction.com/best-banana-bread-recipe/","Breads & Flatbreads","N/A"
"Naturally Leavened Brioche","https://flip.it/l0vbc1","Breads & Flatbreads","N/A"
"New &amp; Improved Gluten Free Croissants! | Let Them Eat Gluten Free Cake","https://www.letthemeatgfcake.com/gluten-free-croissants/","Breakfast & Brunch","N/A"
"Old Fashioned Apple Fritters | Small Town Woman","https://www.smalltownwoman.com/apple-fritter/","Breakfast & Brunch","N/A"
"""Pan Sobao: Soft, Chewy Puerto Rican Bread from Sense and Edibility""","https://senseandedibility.com/pan-sobao-puerto-rican-bread/","Breads & Flatbreads","N/A"
"Pao de Queijo Recipe That&#39;s Easy and Naturally Gluten-Free | Well+Good","https://www.wellandgood.com/pao-de-queijo-recipe/","Breads & Flatbreads","N/A"
"Pepperoni Rolls with Garlic-Anchovy Marinara","https://flip.it/eUyl-Y","Breads & Flatbreads","Beef"
"Perfect Homemade Biscuits Every Time! | Mom On Timeout","https://www.momontimeout.com/perfect-biscuits-every-time-recipe/","Breakfast & Brunch","N/A"
"Peter Reinhart&#39;s Super Sprout Bread | King Arthur Flour","https://www.kingarthurflour.com/recipes/peter-reinharts-super-sprout-bread-recipe","Breads & Flatbreads","N/A"
"peter reinhart’s bagels – smitten kitchen","https://smittenkitchen.com/2007/09/bronx-worthy-bagels/","Breads & Flatbreads","N/A"
"Peter Reinhart’s Whole Wheat Bagels Recipe - NYT Cooking","https://cooking.nytimes.com/recipes/1017092-peter-reinharts-whole-wheat-bagels","Breads & Flatbreads","N/A"
"Petite Gluten Free Vanilla Scones | just like Starbucks","https://glutenfreeonashoestring.com/starbucks-style-gluten-free-petite-vanilla-bean-scones/","Breads & Flatbreads","Beans / Legumes"
"Petite Vanilla Bean Scones | The Pioneer Woman","https://thepioneerwoman.com/cooking/petite-vanilla-bean-scones/","Breads & Flatbreads","Beans / Legumes"
"Pizza Dough Recipe | Bobby Flay | Food Network","https://www.foodnetwork.com/recipes/bobby-flay/pizza-dough-recipe-1921714","Breads & Flatbreads","N/A"
"Prosciutto Bread (aka Lard Bread) | Drugstore Divas","https://www.drugstoredivas.net/prosciutto-bread-aka-lard-bread/","Breads & Flatbreads","Pork"
"Puerto Rican Mallorca (Sweet Bread)","https://senseandedibility.com/mallorca/","Breads & Flatbreads","N/A"
"Rach Describes This as a White Pizza With Eggs Instead of Bread. YUM!","https://flip.it/Pf8IFr","Breads & Flatbreads","Eggs"
"Recipe: Peppermint Red Velvet Cake Roll | Kitchn","https://www.thekitchn.com/recipe-red-velvet-cake-roll-recipes-from-the-kitchn-213997","Desserts (General)","N/A"
"Recipe: Super Duper Stuffed Crust Pizza","https://thetakeout.com/recipe-super-duper-stuffed-crust-pizza-homemade-pizza-1846243352","Breads & Flatbreads","N/A"
"Rosemary Focaccia Bread | Gimme Some Oven","https://www.gimmesomeoven.com/rosemary-focaccia-bread/","Breads & Flatbreads","N/A"
"Sausage-Cheddar Muffins Recipe","https://www.southernliving.com/sausage-cheddar-muffins-8364951","Breads & Flatbreads","Pork"
"Sheet Pan Sicilian Pizza Recipe","https://flip.it/9rsCSM","Breads & Flatbreads","N/A"
"Skillet Cornbread Recipe","https://www.browneyedbaker.com/skillet-cornbread-recipe/","Breads & Flatbreads","N/A"
"Snickerdoodle Crumb Muffins Recipe","https://www.tastingtable.com/1484187/snickerdoodle-crumb-muffins-recipe/","Muffins","N/A"
"Soft &amp; Fluffy Condensed Milk Bread Recipe Melts in Your Mouth","https://flip.it/AlidXI","Breads & Flatbreads","N/A"
"Sopapilla Cheesecake Pie Recipe | Allrecipes","https://www.allrecipes.com/recipe/169305/sopapilla-cheesecake-pie/","""Pies, Tarts & Cobblers""","N/A"
"Sopapillas with Honey from New Mexico Recipe- A Cozy Kitchen","https://www.acozykitchen.com/new-mexico-sopapillas","Desserts (General)","N/A"
"Sourdough Pandesal (Filipino Rolls) Recipe","https://www.tastingtable.com/1380602/sourdough-pandesal-filipino-rolls-recipe/","Breads & Flatbreads","N/A"
"Sourdough Sausage Stuffing Recipe - Tasting Table","https://flip.it/B331Gt","Breads & Flatbreads","Pork"
"Southern Buttermilk Biscuits Recipe | Alton Brown","https://altonbrown.com/recipes/southern-biscuits/","Breakfast & Brunch","N/A"
"Steakhouse-Style Pumpernickel Bread - Gemma’s Bigger Bolder Baking","https://www.biggerbolderbaking.com/steakhouse-style-pumpernickel-bread/","Breads & Flatbreads","Beef"
"Sugar Cookies Recipe | No Roll Sugar Cookies","https://savorysweetlife.com/drop-cracked-sugar-cookies/","Cookies","N/A"
"Super Moist Lemon Blueberry Bread Recipe Will Brighten Your Day | Bread/Muffins | 30Seconds Food","https://30seconds.com/food/tip/73476/Super-Moist-Lemon-Blueberry-Bread-Recipe-Will-Brighten-Your-Day","Breads & Flatbreads","N/A"
"""Sweet, Soft &amp; Fluffy Condensed Milk Bread Recipe Melts in Your Mouth | Bread/Muffins | Video | 30Seconds Food""","https://flip.it/LM3nHo","Breads & Flatbreads","N/A"
"Tasting Table Recipe: Buttermilk Blackberry Scones Recipe","https://flip.it/KUpZIL","Breads & Flatbreads","N/A"
"Tasting Table Recipe: Millionaire&#39;s Shortbread Recipe","https://flip.it/8Fw-XM","Desserts (General)","N/A"
"Tasting Table Recipe: Simple Churros Recipe","https://flip.it/PzqawH","Desserts (General)","N/A"
"The Best Apple Cinnamon Bread","https://flip.it/bvBdVa","Breads & Flatbreads","N/A"
"The Best Apple Fritters Recipe With a Cinnamon Sugar Glaze (Ready in 20 Minutes!) | Bread/Muffins | 30Seconds Food","https://30seconds.com/food/tip/28116/The-Best-Apple-Fritters-Recipe-With-a-Cinnamon-Sugar-Glaze-Ready-in-20-Minutes","Desserts (General)","N/A"
"The Best Cornbread Muffins - Once Upon a Chef","https://www.onceuponachef.com/recipes/cornbread-muffins.html","Breads & Flatbreads","N/A"
"The Best Millionaire&#39;s Bars Recipe Elevates Humble Shortbread With Chocolate &amp; Caramel | Desserts | 30Seconds Food","https://30seconds.com/food/tip/54972/The-Best-Millionaires-Bars-Recipe-Elevates-Humble-Shortbread-With-Chocolate-Caramel?utm_source=flipboard&utm_content=30Secondscom/magazine/30Seconds.com","Desserts (General)","N/A"
"The Great Biscuit Fake Off: Homemade Chocolate Hobnobs","https://thetakeout.com/homemade-mcvities-chocolate-hobnobs-recipe-1845243935","Cookies","N/A"
"The Moistest Chocolate Chip Banana Bread Recipe Ever (Makes 2 Loaves)","https://flip.it/eXXLsH","Breads & Flatbreads","N/A"
"The Pizza Lab: Three Doughs to Know","https://www.seriouseats.com/the-pizza-lab-three-doughs-to-know","Breads & Flatbreads","N/A"
"The Queen&#39;s Chocolate Biscuit Cake - Lavender and Lovage","https://www.lavenderandlovage.com/2021/04/the-queens-chocolate-biscuit-cake.html","Cakes & Cheesecakes","N/A"
"The Roman-Style Technique For Perfectly Stretched Pizza Dough","https://www.tastingtable.com/1676563/perfect-stretched-pizza-dough-technique/","Breads & Flatbreads","N/A"
"""The secret to the most buttery, decadent cornbread is in my family&#39;s easy recipe | Salon.com""","https://www.salon.com/2023/11/16/the-secret-to-the-most-buttery-decadent-cornbread-is-in-my-familys-easy-recipe/","Breads & Flatbreads","N/A"
"""This Caprese Focaccia Is So Good, I Grilled It Twice in a Weekend""","https://flip.it/ZRwKVD","Breads & Flatbreads","N/A"
"This Crunchy Corn Fritters Recipe Is Ready in About 10 Minutes","https://flip.it/8sMthZ","Breads & Flatbreads","N/A"
"This Focaccia Bread Recipe Is Worth All The Waiting","https://spoonuniversity.com/recipe/focaccia-bread-recipe","Breads & Flatbreads","N/A"
"This incredible Ted Lasso biscuit recipe tastes like buttery goodness","https://flip.it/tBSmy1","Cookies","N/A"
"This Popular French Quick Bread Is My Favorite Way to Eat Cake All Day","https://flip.it/UDJfsZ","Breads & Flatbreads","N/A"
"tune &#39;n fork: Sailor Jack Muffins","http://tunenfork.blogspot.com/2013/10/sailor-jack-muffins.html","Muffins","N/A"
"Ultimate Flaky Buttermilk Biscuits | America&#39;s Test Kitchen","https://www.americastestkitchen.com/recipes/8496-ultimate-flaky-buttermilk-biscuits?pac=YQW2sTXN2DyAVoRM0MMUkeu%2FJLt9UECgemXhLbxbpCo%3D%0A","Breakfast & Brunch","N/A"
"Use Canned Cinnamon Rolls For The Absolute Best Crust On Pies","https://www.tastingtable.com/1468410/canned-cinnamon-rolls-best-pie-crust/","""Pies, Tarts & Cobblers""","N/A"
"Vegan Banana Crumb Muffins | Minimalist Baker Recipes","https://minimalistbaker.com/vegan-banana-crumb-muffins/","Breads & Flatbreads","Plant-Based"
"Vegan Chocolate Muffins | Minimalist Baker Recipes","https://minimalistbaker.com/1-bowl-chocolate-chocolate-chip-muffins-gf/","Breads & Flatbreads","Plant-Based"
"You searched for Mallorca | Sense &amp; Edibility","https://senseandedibility.com/?s=Mallorca","Breads & Flatbreads","N/A"
"Zopf bread (Zopf) – Little Zurich Kitchen","https://www.littlezurichkitchen.ch/zopf/","Breads & Flatbreads","N/A"
"‘Bar Pizza’ Has The Internet Abuzz — Here’s How To Make It Yourself","https://flip.it/pRi1ZB","Breads & Flatbreads","N/A"
"(Improved) Cracker Barrel Hashbrown Casserole - Spend With Pennies","https://www.spendwithpennies.com/cracker-barrel-hashbrown-casserole-recipe/","Side Dishes & Vegetables","N/A"
"12 Tips You Need To Master Eggs Benedict","https://www.tastingtable.com/1428846/tips-need-master-eggs-benedict/","Breakfast & Brunch","Eggs"
"""Amish Potato &amp; Ham Casserole Recipe: This 6-Ingredient Amish Ham &amp; Potato Casserole Recipe Can Be Breakfast, Brunch or Dinner""","https://flip.it/rqRkiP","Breakfast & Brunch","Pork"
"Best Hash Browns Recipe (Just like the diner)! - Grandbaby Cakes","https://grandbaby-cakes.com/perfect-hash-browns-recipe/","Breakfast & Brunch","N/A"
"Breakfast Bundt Cake To Make Your Morning Great | Foodtalk","https://www.foodtalkdaily.com/recipes/eggs/scrambled-egg/breakfast-bundt-cake-to-make-your-morning-great-44669689","Breakfast & Brunch","Eggs"
"Breakfast hot pockets","https://www.thekitchn.com/breakfast-hot-pockets-recipe-23100570","Breakfast & Brunch","Beef"
"Buttermilk Waffles Recipe - Grandbaby Cakes","https://grandbaby-cakes.com/buttermilk-waffles/","Breakfast & Brunch","N/A"
"Chef Ryan&#39;s Hash Brown Casserole Recipe Is What&#39;s for Breakfast or Dinner | Casseroles | 30Seconds Food","https://30seconds.com/food/tip/62719/Chef-Ryans-Hash-Brown-Casserole-Recipe-Is-Whats-for-Breakfast-or-Dinner","Side Dishes & Vegetables","N/A"
"Cinnamon French Toast Muffins Recipe for Breakfast or Dessert | Bread/Muffins | 30Seconds Food","https://30seconds.com/food/tip/18704/Cinnamon-French-Toast-Muffins-Recipe-for-Breakfast-or-Dessert","Muffins","N/A"
"Cinnamon French Toast Muffins Recipe Is Everything You Love About French Toast in a Muffin","https://flip.it/tpP_lj","Muffins","N/A"
"""Cinnamon Roll Waffles Recipe Takes Breakfast to the Next Level (1 Ingredient, 15 Minutes) | Breakfast | 30Seconds Food""","https://30seconds.com/food/tip/6206/Cinnamon-Roll-Waffles-Recipe-Takes-Breakfast-to-the-Next-Level-1-Ingredient-15-Minutes?utm_source=flipboard&utm_content=30Secondscom/magazine/30Seconds.com","Breakfast & Brunch","N/A"
"Classic Crepe Recipe","https://flip.it/MkSXtC","Breakfast & Brunch","N/A"
"Cracker Barrel Copycat Hashbrown Casserole - Oola.com","https://www.oola.com/life-in-flavor/2558503/cracker-barrel-copycat-hashbrown-casserole/","Side Dishes & Vegetables","N/A"
"Crispy Hash Brown Patties Recipe Like the Restaurants Make","https://flip.it/cgIfdK","Breakfast & Brunch","N/A"
"Crispy Irish Potato Pancake Recipe: Boxty Has Its Own Irish Rhyme | Irish Recipes | 30Seconds Food","https://30seconds.com/food/tip/40560/Crispy-Irish-Potato-Pancake-Recipe-Boxty-Has-Its-Own-Irish-Rhyme","Breakfast & Brunch","N/A"
"Easy Breakfast Turkey Sausage Recipe","https://flip.it/Fo4wPt","Breakfast & Brunch","Pork"
"Easy German Potato Pancakes Recipe: This German Kartoffelpuffer Recipe Is Delish | Breakfast | 30Seconds Food","https://30seconds.com/food/tip/23960/Easy-German-Potato-Pancakes-Recipe-This-German-Kartoffelpuffer-Recipe-Is-Delish","Breakfast & Brunch","N/A"
"Flannel Cakes Are The Fluffier Version Of Pancakes You Need To Try","https://flip.it/KrqWdp","Breakfast & Brunch","N/A"
"French Breakfast Muffins - They MELT In Your Mouth!","https://flip.it/g0Iokx","Muffins","N/A"
"Gluten-Free Pancakes Recipe","https://flip.it/uczVo3","Breakfast & Brunch","N/A"
"""Green Chile Stew is Fantastic for Breakfast, Lunch, or Dinner""","https://flip.it/33DRAQ","Breakfast & Brunch","N/A"
"Hashbrown Breakfast Casserole {Make-Ahead!} - Spend With Pennies","https://www.spendwithpennies.com/hashbrown-breakfast-casserole/","Breakfast & Brunch","N/A"
"Hella Good Huevos Rancheros Recipe: An Award-Winning Cook’s Favorite Breakfast Recipe | Breakfast | 30Seconds Food","https://flip.it/RGxhPD","Breakfast & Brunch","Eggs"
"How Long It Takes To Cook Crispy Hash Browns In An Air Fryer","https://www.tastingtable.com/1411097/how-long-cook-crispy-hash-browns-air-fryer/","Breakfast & Brunch","N/A"
"How the Comfort of German Potato Pancakes Helped Me Adjust to a New Life in Rural Pennsylvania","https://flip.it/6G68G8","Breakfast & Brunch","N/A"
"How to Boil Eggs","https://thestayathomechef.com/how-to-boil-eggs/","Breakfast & Brunch","Eggs"
"How to Make Crepes: Call Me a French Chef Because I Mastered the Crepe (5 Ingredients) | French Recipes | 30Seconds Food","https://30seconds.com/food/tip/18461/How-to-Make-Crepes-Call-Me-a-French-Chef-Because-I-Mastered-the-Crepe-5-Ingredients?utm_source=flipboard&utm_content=30Secondscom/magazine/30Seconds.com","Breakfast & Brunch","N/A"
"How To Make Easy Breakfast Empanadas With Store-Bought Dough","https://www.tastingtable.com/1588513/store-bought-empanada-dough-breakfast/","Breakfast & Brunch","Beef"
"Ina Garten&#39;s Simple Hash Browns Hack Will Make Them Fluffy Yet Crispy Every Time","https://flip.it/gnayXl","Breakfast & Brunch","N/A"
"Ina Garten&#39;s Simple Hash Browns Hack Will Make Them Fluffy Yet Crispy Every Time","https://flip.it/SqZbog","Breakfast & Brunch","N/A"
"""Irish Boxty, The Only Potato Pancake You&#39;ll Ever Need""","https://flip.it/uYmMEs","Breakfast & Brunch","N/A"
"Loaded Huevos Rancheros with Roasted Poblano Peppers Recipe: How to Make It | Taste of Home","https://www.tasteofhome.com/recipes/loaded-huevos-rancheros-with-roasted-poblano-peppers/","Breakfast & Brunch","Eggs"
"Make Bacon Like a Butcher – Chicago Magazine","https://www.chicagomag.com/chicago-magazine/february-2021/brunch-at-home/make-bacon-like-a-butcher/","Breakfast & Brunch","Pork"
"Make Your Own Protein Pancake Mix with This DIY Kodiak Pancake Recipe","https://www.shape.com/healthy-eating/healthy-recipes/copycat-kodiak-protein-pancake-mix","Breakfast & Brunch","N/A"
"Mashed Recipe: Cinnamon French Toast Bites Recipe That&#39;ll Be Your Go-To Breakfast","https://www.mashed.com/399930/simple-cinnamon-french-toast-bites-will-be-your-go-to-breakfast/?mode=print","Breakfast & Brunch","N/A"
"Mille-Crepe Tiramisu Birthday Cake Recipe","https://www.tastingtable.com/686272/mille-crepe-tiramisu-birthday-cake-recipe/","Cakes & Cheesecakes","N/A"
"Morning Chicken Fried Steak Recipe With Hatch Chili Red Eye Cream Gravy &amp; Roasted Potatoes","https://flip.it/OlPR1C","Breakfast & Brunch","Beef"
"Muffin Tin Meatloaf Recipe | Southern Living","https://www.southernliving.com/recipes/muffin-tin-meatloaf","Breakfast & Brunch","Beef"
"Rösti Recipe • 10 tips for cooking the Swiss potato pancake","https://swissfamilyfun.com/rosti/","Breakfast & Brunch","N/A"
"Sausage croissant casserole","https://www.southernliving.com/recipes/cheesy-sausage-croissant-casserole-recipe","Breakfast & Brunch","Pork"
"""Sausage, Egg, And Cheese Breakfast Quesadillas Recipe""","https://www.tastingtable.com/1564339/sausage-egg-and-cheese-breakfast-quesadillas-recipe/","Breakfast & Brunch","Pork"
"Sheepherder&#39;s Breakfast Recipe | Taste of Home","https://www.tasteofhome.com/recipes/sheepherder-s-breakfast/","Breakfast & Brunch","N/A"
"Super Fluffy Pancakes Recipe: You Will Adore This Light &amp; Airy Pancake Recipe","https://flip.it/D-e4Y8","Breakfast & Brunch","N/A"
"The Best Brunch with Friends: Rösti with All the Fixings","https://flip.it/E9a1lJ","Breakfast & Brunch","N/A"
"The Best Waffle Batter Recipe: Your Waffle Maker Won&#39;t Know What Hit It | Breakfast | 30Seconds Food","https://30seconds.com/food/tip/15558/The-Best-Waffle-Batter-Recipe-Your-Waffle-Maker-Wont-Know-What-Hit-It","Breakfast & Brunch","N/A"
"Tips For Making Perfectly Crispy Hash Browns Every Time","https://www.mashed.com/1438987/tips-making-crispy-hashbrowns/","Breakfast & Brunch","N/A"
"Trisha Yearwood and Garth Brooks both love a late breakfast. This lasagna ticks all the yummy boxes","https://flip.it/t8sgF8","Breakfast & Brunch","Beef"
"Waffle Iron Hash Browns Recipe: Breakfast Potatoes Will Never Be the Same (Just 1 Ingredient!) | Breakfast | 30Seconds Food","https://30seconds.com/food/tip/17348/Waffle-Iron-Hash-Browns-Recipe-Breakfast-Potatoes-Will-Never-Be-the-Same-Just-1-Ingredient","Breakfast & Brunch","N/A"
"""When You Cook Churro Dough in a Waffle Maker, Magic Happens""","https://flip.it/IMb7zM","Breakfast & Brunch","N/A"
"Vanilla Sheet cake","https://marshasbakingaddiction.com/perfect-vanilla-sheet-cake/","Cakes & Cheesecakes","N/A"
"chocolate sheet cake","https://gingerwithspice.com/moist-chocolate-sheet-cake/","Cakes & Cheesecakes","N/A"
"brownie bottom cheesecake","https://www.foodnetwork.com/recipes/food-network-kitchen/brownie-bottom-cheesecake-3734817","Cakes & Cheesecakes","N/A"
"strawberry stuffed cheesecake","https://www.spendwithpennies.com/cheesecake-stuffed-strawberries/","Cakes & Cheesecakes","N/A"
"million dollar pound cake","https://www.southernliving.com/recipes/million-dollar-pound-cake","Cakes & Cheesecakes","N/A"
"11 Copycat Cheesecake Factory Recipes You Can Make At Home","https://flip.it/CT_E43","Cakes & Cheesecakes","N/A"
"115-year-old recipe for &#39;Warrington Cakes&#39; unearthed","https://flip.it/qB2LWf","Cakes & Cheesecakes","N/A"
"1939 Sour Cream Coffee Cake | 12 Tomatoes","https://12tomatoes.com/1939-sour-cream-coffee-cake/","Cakes & Cheesecakes","N/A"
"30 Buttermilk Cakes to Use Up Your Carton","https://flip.it/KMlepN","Cakes & Cheesecakes","N/A"
"7” NY Cheesecake","https://windycitybaker.com/classic-new-york-style-cheesecake/","Cakes & Cheesecakes","N/A"
"Baklava cheesecake (VIDEO) - Spatula Desserts","https://www.spatuladesserts.com/baklava-cheesecake/","Cakes & Cheesecakes","N/A"
"Banana Pudding Cream Cake Recipe","https://foodlovies.com/banana-pudding-cream-cakes32/","Cakes & Cheesecakes","N/A"
"Best Crab Cakes Recipe: Easy 15-Minute Old Bay Crab Cake Recipe Is Outstanding | Seafood | 30Seconds Food","https://flip.it/HyImdT","Cakes & Cheesecakes","Crab / Crawfish"
"Best Irish Apple Cake Recipe - How To Make Irish Apple Cake","https://www.delish.com/cooking/recipe-ideas/a30781773/irish-apple-cake/","Cakes & Cheesecakes","N/A"
"Best Texas Sheet Cake - Chocolate Sheet Cake Recipe","https://www.thepioneerwoman.com/food-cooking/recipes/a11901/best-chocolate-sheet-cake-recipe/","Cakes & Cheesecakes","N/A"
"Bienenstich (Bee Sting Cake) + Hotel OTTO Review - Texanerin Baking","https://www.texanerin.com/bienenstich-bee-sting-cake/","Cakes & Cheesecakes","N/A"
"Black Magic Cake Recipe","https://www.simplyrecipes.com/black-magic-cake-recipe-8620394","Cakes & Cheesecakes","N/A"
"Caramel Chocolate Chip Cheesecake","https://italianchoco.com/caramel-chocolate-chips-cheesecake-recipe12/","Cakes & Cheesecakes","N/A"
"Cardamom Cake Recipe From Niloufer Ichaporia King","https://food52.com/recipes/85494-cardamom-cake-recipe-niloufer-ichaporia-king","Cakes & Cheesecakes","N/A"
"Chocolate Cloud Cake Is the Most Delicious Cake I’ve Ever Tried — And That’s Saying Something","https://flip.it/mUyeH4","Cakes & Cheesecakes","N/A"
"Cinnamon Orange Coffee Cake Recipe","https://www.tastingtable.com/1429193/cinnamon-orange-coffee-cake-recipe/","Cakes & Cheesecakes","N/A"
"Cinnamon-Crisp Coffee Cake Recipe | King Arthur Baking","https://www.kingarthurbaking.com/recipes/cinnamon-crisp-coffee-cake-recipe","Cakes & Cheesecakes","N/A"
"Classic Southern Pound Cake - Spicy Southern Kitchen","https://spicysouthernkitchen.com/classic-southern-pound-cake/","Cakes & Cheesecakes","N/A"
"Cold Oven Pound Cake Recipe | Epicurious","https://www.epicurious.com/recipes/food/views/cold-oven-pound-cake","Cakes & Cheesecakes","N/A"
"Copycat Cheesecake Factory Red Velvet Cheesecake","https://flip.it/GezgCs","Cakes & Cheesecakes","N/A"
"Corner Bakery Cinnamon Creme Coffee Cake Recipe | Barbara Bakes","https://www.barbarabakes.com/corner-bakery-cinnamon-creme-coffee-cake/","Cakes & Cheesecakes","N/A"
"Creamy Cold Banana Cake","https://flip.it/WaHq1z","Cakes & Cheesecakes","N/A"
"Creamy Salted Caramel Cheesecake Recipe With Caramel Corn Is Divine","https://flip.it/qfo2TE","Cakes & Cheesecakes","N/A"
"Dark Chocolate Caramel Pecan Soufflé Cake Recipe","https://savewithjamies.com/dark-chocolate-caramel-pecan-souffle-cake9/","Cakes & Cheesecakes","N/A"
"Dr. Pepper Cake Recipe","https://www.simplyrecipes.com/dr-pepper-cake-recipe-8424806","Cakes & Cheesecakes","N/A"
"Faidley&#39;s World Famous Crab Cakes Recipe: One of the Best Things on Earth","https://flip.it/bXX3x0","Cakes & Cheesecakes","Crab / Crawfish"
"Fig And Caramel Mini Cheesecakes Recipe","https://www.tastingtable.com/1102432/fig-and-caramel-mini-cheesecakes-recipe/","Cakes & Cheesecakes","N/A"
"Flavor Explosion Chocolate Cream Cheese Pound Cake Recipe","https://gordonramsayclub.com/flavor-explosion-chocolate-cream-cheese-pound-cake14/","Cakes & Cheesecakes","N/A"
"""Fluffy, Moist Homemade Yellow Cake Recipe""","https://divascancook.com/moist-yellow-cake-recipe-old-fashioned/","Cakes & Cheesecakes","N/A"
"Fudgy Chocolate Cheesecake","https://flip.it/mabQOW","Cakes & Cheesecakes","N/A"
"""Fudgy Chocolate Cobbler Is a Molten Mash-Up of Cake, Brownie, and Pudding""","https://flip.it/fE1k-D","""Pies, Tarts & Cobblers""","N/A"
"""Fudgy Chocolate Cobbler Is a Molten Mash-Up of Cake, Brownie, and Pudding""","https://flip.it/qPlZQT","""Pies, Tarts & Cobblers""","N/A"
"Gateau Nantais","https://flip.it/2pIHhE","Cakes & Cheesecakes","N/A"
"German Mini Lemon Cakes - Zitronenkuchen / Zitrone Mini-Kuchen - Amanda&#39;s Cookin&#39;","https://amandascookin.com/german-mini-lemon-cakes-zitronenkuchen/","Cakes & Cheesecakes","N/A"
"German Tree Cake Recipe - Baumkuchen ⋆ My German Recipes","https://mygerman.recipes/tree-cake-baumkuchen/","Cakes & Cheesecakes","N/A"
"Gluten-Free Birthday Cake {Dairy-Free Option} - Mama Knows Gluten Free","https://www.mamaknowsglutenfree.com/gluten-free-birthday-cake/","Cakes & Cheesecakes","N/A"
"Grandmother&#39;s Pound Cake II Recipe - Allrecipes.com | Allrecipes","https://www.allrecipes.com/recipe/21702/grandmothers-pound-cake-ii/","Cakes & Cheesecakes","N/A"
"Homemade German Chocolate Cake - Tastes Better From Scratch","https://tastesbetterfromscratch.com/german-chocolate-cake/","Cakes & Cheesecakes","N/A"
"Homemade Jos Louis cake is more délicieux than a Ding Dong","https://flip.it/nqMFLK","Cakes & Cheesecakes","N/A"
"Hummingbird Cake","https://flip.it/eJ42Mu","Cakes & Cheesecakes","N/A"
"I Tried 4 Famous Pound Cake Recipes - Here&#39;s the Best | Kitchn","https://www.thekitchn.com/pound-cake-recipe-reviews-23177769?utm_source=RSS&utm_medium=feed&utm_campaign=Category/Channel:+collection/kitchn-showdown","Cakes & Cheesecakes","N/A"
"Kentucky Butter Cake Recipe | Allrecipes","https://www.allrecipes.com/recipe/7479/kentucky-butter-cake/","Cakes & Cheesecakes","N/A"
"Kentucky Derby Pecan Pie Cheesecake Recipe by Tasty","https://tasty.co/recipe/kentucky-derby-pecan-pie-cheesecake","Cakes & Cheesecakes","N/A"
"Keto Cheesecake","https://www.wholesomeyum.com/recipes/low-carb-cheesecake-keto-gluten-free-sugar-free/","Cakes & Cheesecakes","N/A"
"Keto Cheesecake Crust","https://audreyslittlefarm.com/keto-cheesecake-crust/","Cakes & Cheesecakes","N/A"
"Lemon meringue cupcakes","https://flip.it/3eguwH","Desserts (General)","N/A"
"Lemon Poppy Seed Layer Cake","https://flip.it/IC70dl","Cakes & Cheesecakes","N/A"
"Lemon Pound Cake Recipe- The BEST Online!","https://grandbaby-cakes.com/lemon-cake-lemon-pound-cake-recipe/","Cakes & Cheesecakes","N/A"
"Limoncello Cake - La Cucina Italiana","https://www.lacucinaitaliana.com/italian-food/italian-dishes/limoncello-cake","Cakes & Cheesecakes","N/A"
"Mahogany Cake Recipe","https://www.southernliving.com/mahogany-cake-8654086","Cakes & Cheesecakes","N/A"
"marbled cheesecake hamantaschen – smitten kitchen","https://smittenkitchen.com/2021/02/marbled-cheesecake-hamantaschen/","Cakes & Cheesecakes","Pork"
"Mexican Sweet Corn Cake","https://flavorthemoments.com/mexican-sweet-corn-cake/","Cakes & Cheesecakes","N/A"
"Mexican Sweet Corn Cake - Sweet Little Bluebird","https://sweetlittlebluebird.com/mexican-sweet-corn-cake/","Cakes & Cheesecakes","N/A"
"Mint Chocolate Cheesecake Recipe | Taste of Home","https://www.tasteofhome.com/recipes/mint-chocolate-cheesecake/","Cakes & Cheesecakes","N/A"
"Moist Hummingbird Cake Recipe: The Most Googled Cake Recipe in the South","https://flip.it/q2dkCk","Cakes & Cheesecakes","N/A"
"New York-Style Cheesecake - Once Upon a Chef","https://www.onceuponachef.com/recipes/new-york-style-cheesecake.html","Cakes & Cheesecakes","N/A"
"Pecan Pie Cheesecake {ULTIMATE Decadence} | Lil&#39; Luna","https://lilluna.com/pecan-pie-cheesecake/","Cakes & Cheesecakes","N/A"
"Peppermint Cheesecake Recipe: How to Make It","https://www.tasteofhome.com/recipes/peppermint-cheesecake/","Cakes & Cheesecakes","N/A"
"Perfect Vanilla Cupcake Recipe (VIDEO) - NatashasKitchen.com","https://natashaskitchen.com/perfect-vanilla-cupcake-recipe/","Desserts (General)","N/A"
"Queen Elizabeth II&#39;s chocolate birthday cake uses a century-old recipe","https://flip.it/iJdUNp","Cakes & Cheesecakes","N/A"
"Red Velvet Pound Cake - Domestic Dee","https://domesticdee.com/red-velvet-pound-cake/","Cakes & Cheesecakes","N/A"
"Salmon and shrimp combine for maximum flavor fish cake","https://flip.it/.V6pqn","Cakes & Cheesecakes","Salmon"
"Smith Island Cake","https://foodcontessa.com/smith-island-cake-recipe9/","Cakes & Cheesecakes","N/A"
"Sour Cream Coffee Cake Recipe","https://www.southernliving.com/sour-cream-coffee-cake-8599873","Cakes & Cheesecakes","N/A"
"Swedish Chocolate Cake - Kladdkaka","https://tastywoo.com/swedish-chocolate-cakes-kladdkaka-the-most-popular-6-ingredient-dessert22/","Cakes & Cheesecakes","N/A"
"Swedish Chocolate Cake - Kladdkaka","https://flip.it/G3n74d","Cakes & Cheesecakes","N/A"
"Swedish Chocolate Cake Recipe - Kladdkaka","https://tastywoo.com/swedish-chocolate-cakes-kladdkaka-the-most-popular-6-ingredient-dessert17/","Cakes & Cheesecakes","N/A"
"Tasting Table Recipe: Southern Caramel Cake Recipe","https://flip.it/qfqm2r","Cakes & Cheesecakes","N/A"
"Texas Sheet Cake","https://www.foodandwine.com/texas-sheet-cake-8646705","Cakes & Cheesecakes","N/A"
"Texas Sheet Cake: A Recipe","https://www.texasmonthly.com/food/texas-sheet-cake-recipe/","Cakes & Cheesecakes","N/A"
"The Best Chocolate Cupcakes | Cupcake Project","https://www.cupcakeproject.com/chocolate-cupcake-recipe-the-ultimate-chocolate-cupcake-test-baked-by-50-bakers-and-counting/#wprm-recipe-container-21969","Desserts (General)","N/A"
"The Best Texas Sheet Cake - Tastes Better From Scratch","https://tastesbetterfromscratch.com/the-best-texas-sheet-cake/","Cakes & Cheesecakes","N/A"
"The Pioneer Woman&#39;s Chocolate Texas Sheet Cake Recipe Is the Best | Cakes/Cupcakes | 30Seconds Food","https://30seconds.com/food/tip/41964/The-Pioneer-Womans-Chocolate-Texas-Sheet-Cake-Recipe-Is-the-Best","Cakes & Cheesecakes","N/A"
"""This Family’s “Secret” Cake Recipe Has Taken Over An Entire Corner Of The Internet, And After Trying It Myself, I Totally Understand Why""","https://flip.it/QN3AUU","Cakes & Cheesecakes","N/A"
"Trimtastic Chocolate Zucchini Cake (S) P. 296 | CaringForMyself | Copy Me That","https://www.copymethat.com/r/M3uNdX2/trimtastic-chocolate-zucchini-cake-s-p-2/","Cakes & Cheesecakes","N/A"
"Triple Chocolate Cake Recipe | Sally&#39;s Baking Addiction","https://sallysbakingaddiction.com/triple-chocolate-layer-cake/","Cakes & Cheesecakes","N/A"
"Try the coffee cake recipe that won Bandon’s 76th annual Cranberry Kitchen contest - oregonlive.com","https://www.oregonlive.com/living/2023/11/try-the-coffee-cake-recipe-that-won-bandons-76th-annual-cranberry-kitchen-contest.html","Cakes & Cheesecakes","N/A"
"Ultimate Brooklyn Blackout Cupcakes","https://foodcontessa.com/ultimate-brooklyn-blackout-cupcakes11/","Desserts (General)","N/A"
"""When Life Gives You Lemons, Make LEMON SHEET CAKE""","https://flip.it/NkWpvC","Cakes & Cheesecakes","N/A"
"White Texas Sheet Cake {Great for feeding a crowd!} | Lil&#39; Luna","https://lilluna.com/white-texas-sheet-cake-recipe/","Cakes & Cheesecakes","N/A"
"‘The Bear’ Chocolate Cake","https://flip.it/X-UC82","Cakes & Cheesecakes","N/A"
"Pralines","https://www.homesicktexan.com/2007/12/praise-pralines.html","Candy & Confections","N/A"
"4-Ingredient Homemade Caramel Candy Recipe Melts In Your Mouth | Candy | 30Seconds Food","https://30seconds.com/food/tip/1470/4-Ingredient-Homemade-Caramel-Candy-Recipe-Melts-In-Your-Mouth","Candy & Confections","N/A"
"9 Decadent Fudge Recipes","https://www.tastingtable.com/1578407/fudge-recipes/","Candy & Confections","N/A"
"Baklava","https://natashaskitchen.com/baklava-recipe/","Candy & Confections","N/A"
"Best Fudge Recipe - How to Make Homemade Chocolate Fudge","https://food52.com/recipes/81921-best-fudge-recipe","Candy & Confections","N/A"
"Better Than Anything Toffee Recipe - Mom On Timeout","https://www.momontimeout.com/better-than-anything-toffee-recipe/?fbclid=IwAR0WTy6xU4NFNBDG3pkYcR9Qge-tvMH7k9EQLWuMgfPBvnqwH2a2kdTsrCw","Candy & Confections","N/A"
"Caramel and Cardamom Kisses","https://foodlovies.com/caramel-and-cardamom-kisses5/","Candy & Confections","N/A"
"Caramel and Cardamom Kisses","https://flip.it/ZDOu-o","Candy & Confections","N/A"
"""Celebrate the Derby with Kentucky Cream Pull Candy, a treat that rewards speed""","https://thetakeout.com/celebrate-the-derby-with-kentucky-cream-pull-candy-a-t-1844929984","Candy & Confections","N/A"
"Classic Brazilian Brigadeiro Recipe","https://flip.it/5sCona","Candy & Confections","N/A"
"Dark Chocolate Peppermint Fudge Recipe","https://www.tastingtable.com/1474688/dark-chocolate-peppermint-fudge-recipe/","Candy & Confections","N/A"
"Fudge","https://www.thefedupfoodie.com/dads-old-fashioned-fudge/","Candy & Confections","N/A"
"Her father&#39;s fudge recipe brings back childhood memories of the Midwest","https://flip.it/3UBAV7","Candy & Confections","N/A"
"Homemade Authentic Greek Baklava Recipe","https://flip.it/XYOaSZ","Candy & Confections","N/A"
"Maple Cashew Brittle Recipe","https://www.tastingtable.com/1479650/maple-cashew-brittle-recipe/","Candy & Confections","N/A"
"Peppermint Meltaways","https://flip.it/n4_XDr","Candy & Confections","N/A"
"Russian Fudge Recipe: This Caramel Fudge Recipe Is the Perfect Gift","https://flip.it/d0G0Fi","Candy & Confections","N/A"
"Sequilhos","https://flip.it/ZWOYS8","Candy & Confections","N/A"
"The Biggest Mistake You&#39;re Making With Homemade Fudge","https://www.tastingtable.com/1468993/biggest-mistake-homemade-fudge/","Candy & Confections","N/A"
"The Secret to Perfect Fudge - Parade","https://parade.com/food/secret-to-perfect-fudge","Candy & Confections","N/A"
"Italian Lemon Delight","https://www.finedininglovers.com/recipes/dessert/how-make-traditional-italian-lemon-delight","Desserts (General)","N/A"
"10 Mexican Food Favorites to Make at Home - Flipboard","https://flipboard.com/@foodloverskit/10-mexican-food-favorites-to-make-at-home-79of6kjj606rsgi8?from=share&utm_source=flipboard&utm_medium=share","Collections & Roundups","N/A"
"100 of the Best Dutch Oven Recipes","https://flip.it/UwxdE1","Collections & Roundups","N/A"
"13 Irresistible German Desserts and Pastries","https://flip.it/jA7Bzo","Collections & Roundups","N/A"
"15 Recipes So Good You Could Call Them &#39;Perfect&#39; | Allrecipes","https://www.allrecipes.com/gallery/perfect-recipes/","Collections & Roundups","N/A"
"25 Traditional German Desserts - Insanely Good","https://insanelygoodrecipes.com/german-desserts/","Collections & Roundups","N/A"
"34 Italian Desserts You Won&#39;t Be Able to Resist","https://flipboard.com/@2foodtrippers/34-italian-desserts-you-won-t-be-able-to-resist-lbnq9ckn5pbpf4id?from=share&utm_source=flipboard&utm_medium=share","Collections & Roundups","N/A"
"A Round-Up of 50 Famous Texas Foods","https://www.tasteofhome.com/collection/famous-texas-foods-roundup/","Collections & Roundups","N/A"
"Food and Wine most popular","https://flip.it/MVgyOp","Collections & Roundups","N/A"
"I Tried More New Recipes in 2020 Than My Entire Life—These 15 Southern Living Recipes Were Truly Spectacular","https://flip.it/9kcrH6","Collections & Roundups","N/A"
"Insanely Delicious Desserts You Need To Try Before You Die","https://flip.it/up3bgm","Collections & Roundups","N/A"
"Puerto Rican Food: 21 Traditional dishes to Try in Puerto Rico or At Home","https://flip.it/lQX4Xr","Collections & Roundups","N/A"
"Ragù Bolognese - Traditional Italian Recipe","https://flip.it/bCmPvu","Collections & Roundups","Beef"
"The 20 Best Recipes of 2023 | Bon Appétit","https://www.bonappetit.com/gallery/best-recipes-2023","Collections & Roundups","N/A"
"""The Best Copycat Recipe Collections: Cinnabon, Trader Joe&#39;s, and More - Chowhound""","https://www.chowhound.com/food-news/272987/best-copycat-recipe-collections-cinnabon-trader-joes/","Collections & Roundups","N/A"
"The Delish Top 55: The Best Recipes Of 2022","https://flip.it/Oc7NsX","Collections & Roundups","N/A"
"These 13 Chinese Chicken Stir-Fry Recipes Are Better Than Takeout","https://flip.it/syMm8a","Collections & Roundups","Chicken"
"Your Top 10 Genius Recipes of 2020 - Flipboard","https://flipboard.com/@food52/your-top-10-genius-recipes-of-2020-hvj3ghtlt0mdi4s3?from=share&utm_source=flipboard&utm_medium=share","Collections & Roundups","N/A"
"11 Ingredient Additions For Better Bolognese Sauce","https://www.tastingtable.com/1414337/ingredient-additions-better-bolognese-sauce/","Condiments & Sauces","Beef"
"30-Minute Mexican Garlic Shrimp Recipe (Camarones al Mojo de Ajo)","https://flip.it/Lq9IFP","Condiments & Sauces","Shrimp"
"""Abbondanza: This vodka sauce is the silkiest, easiest and creamiest weeknight dinner imaginable""","https://flip.it/tAh4Bn","Condiments & Sauces","N/A"
"An Italian Grandma&#39;s Easy &amp; Tasty Greek Tzatziki Sauce Recipe","https://flip.it/EEQ.RO","Condiments & Sauces","N/A"
"Authentic Bolognese Sauce Recipe - An Italian in my Kitchen","https://anitalianinmykitchen.com/bolognese-sauce/","Condiments & Sauces","Beef"
"Awesome Homemade Carne Asada Dry Rub","https://flip.it/D28Dol","Condiments & Sauces","Pork"
"Awesome Homemade Carne Asada Dry Rub","https://flip.it/iTI-8e","Condiments & Sauces","Pork"
"Best Ever Homemade Spaghetti Sauce - Belle of the Kitchen","https://belleofthekitchen.com/best-ever-homemade-spaghetti-sauce/","Condiments & Sauces","Beef"
"Blackened Shrimp With Remoulade Sauce","https://flip.it/KJMXOj","Condiments & Sauces","Shrimp"
"""Bob Armstrong Dip: queso with taco meat, guacamole, and sour cream | Homesick Texan""","https://www.homesicktexan.com/2014/01/bob-armstrong-dip-queso-recipe.html","Condiments & Sauces","Beef"
"Carnitas Egg Rolls With Salsa Verde","https://flip.it/hMI.zg","Condiments & Sauces","Pork"
"Carrot Walnut Loaf with Cream Cheese Frosting - Handle the Heat","https://www.handletheheat.com/carrot-walnut-loaf-cream-cheese-frosting/","Desserts (General)","N/A"
"Chantilly Potatoes Recipe (Pommes de Terre Chantilly) | Kitchn","https://www.thekitchn.com/pommes-de-terre-chantilly-chantilly-potatoes-23002783","Condiments & Sauces","N/A"
"Choco-Buttermilk Cake with Frosting Recipe","https://foodcontessa.com/choco-buttermilk-cakes-with-chocolate-frosting-15-minute-recipe23/","Cakes & Cheesecakes","N/A"
"Copycat Chick-fil-a Sauce Recipe: Dunk a Nugget (or Whatever!) in This Easy Dipping Sauce Recipe","https://flip.it/GoYdPg","Condiments & Sauces","N/A"
"Creamy Old Bay Remoulade Sauce Recipe Is What Crab Cakes Live For | Sauces/Condiments | 30Seconds Food","https://flip.it/dvGLIF","Condiments & Sauces","Crab / Crawfish"
"Crema Pasticcera Recipe: This 5-Ingredient Lemon Italian Pastry Cream Recipe Is Fabulous","https://flip.it/qKTUCG","Desserts (General)","N/A"
"Crème Anglaise Is The Little Black Dress of Dessert Sauce Recipes","https://flip.it/hSyYfX","Condiments & Sauces","N/A"
"Cuban Mojo Marinated Pork","https://flip.it/6y_TFD","Main Dishes","Pork"
"Cuban-Style Roast Pork Shoulder With Mojo Recipe | Serious Eats","https://www.seriouseats.com/recipes/2016/06/cuban-roast-pork-shoulder-mojo-recipe.html","Condiments & Sauces","Pork"
"Dark Honey Cake with Salted Caramel Sauce and Whipped Cream","https://boulderlocavore.com/dark-honey-cake-with-salted-caramel-sauce-and-whipped-cream/","Cakes & Cheesecakes","N/A"
"DIY Magic Shell Ice Cream Topping Recipe: This Homemade Magic Shell Recipe Will Blow Your Mind | Ice Cream | 30Seconds Food","https://30seconds.com/food/tip/18159/DIY-Magic-Shell-Ice-Cream-Topping-Recipe-This-Homemade-Magic-Shell-Recipe-Will-Blow-Your-Mind","Desserts (General)","N/A"
"Garlic Butter Sauce for Pasta | Life Tastes Good","https://www.ourlifetastesgood.com/2019/03/garlic-butter-sauce.html","Condiments & Sauces","N/A"
"Grandma&#39;s Creamy Brown Sugar Frosting Recipe Is What to Spread on Cake | Cakes/Cupcakes | 30Seconds Food","https://30seconds.com/food/tip/39278/Grandmas-Creamy-Brown-Sugar-Frosting-Recipe-Is-What-to-Spread-on-Cake","Cakes & Cheesecakes","N/A"
"""Here&#39;s What Each Stage of a Roux is Used For, and How To Make Them""","https://flip.it/VWUMZb","Condiments & Sauces","N/A"
"Homemade Red Enchilada Sauce Recipe - Tasting Table","https://flip.it/lTx.TQ","Condiments & Sauces","Chicken"
"Homemade Salted Caramel Recipe | Sally&#39;s Baking Addiction","https://sallysbakingaddiction.com/homemade-salted-caramel-recipe/","Candy & Confections","N/A"
"Homemade Spaghetti Sauce","https://thestayathomechef.com/spaghetti-sauce/","Condiments & Sauces","N/A"
"Homemade Thousand Island Dressing","https://flip.it/DArCZy","Condiments & Sauces","N/A"
"Homemade Thousand Island Dressing Recipe - Tasting Table","https://flip.it/njzrQB","Condiments & Sauces","N/A"
"Honey Balsamic Glaze Recipe","https://flip.it/e1sMND","Condiments & Sauces","N/A"
"How to Make Chocolate Magic Shell","https://lifehacker.com/easy-chocolate-magic-shell-recipe-1850797444","Desserts (General)","N/A"
"How to Make Tzatziki Sauce?","https://flip.it/A9BkIk","Condiments & Sauces","N/A"
"I Worked at a Movie Theater for 5 Years and This Salty Seasoning Is the Secret to Cinema-Quality Popcorn","https://flip.it/ZeTQ49","Condiments & Sauces","N/A"
"I&#39;m a Professional Chef and This is My Most Requested Chocolate Frosting Recipe - Spatula Desserts","https://www.spatuladesserts.com/this-chocolate-ganache-frosting-make-this-intead-of-buttercream-recipe/","Desserts (General)","N/A"
"Lemon Buttercream Frosting","https://gordonramsayclub.com/lemon-buttercream-frostiing/","Cakes & Cheesecakes","N/A"
"Lemon Buttercream Frosting","https://flip.it/JhQO4s","Cakes & Cheesecakes","N/A"
"Mardi Gras Remoulade Recipe: 5-Minute Louisiana Remoulade Sauce Recipe Is Ridiculously Good | Sauces/Condiments | 30Seconds Food","https://flip.it/-LtcHW","Condiments & Sauces","N/A"
"Mashed Recipe: Copycat Chick-Fil-A Sauce You&#39;ll Dip Everything In","https://www.mashed.com/74787/chick-fil-sauce-recipe/?mode=print","Condiments & Sauces","N/A"
"Mole 101","https://flip.it/STz2qx","Condiments & Sauces","N/A"
"Moroccan Orange Cake Recipe: This Moist Cake Doesn&#39;t Need Frosting","https://flip.it/ZIBeq4","Cakes & Cheesecakes","N/A"
"""Namelaka, The Chocolate Ganache Pastry Chefs Can&#39;t Get Enough Of""","https://flip.it/YZb5Mk","Desserts (General)","N/A"
"Pour This 3-Ingredient Chocolate Sauce Recipe Over Everything","https://flip.it/gqLfhH","Desserts (General)","N/A"
"Quick &amp; Easy Tartar Sauce Recipe Is Worthy of the Best Seafood (5 Ingredients) | Sauces/Condiments | 30Seconds Food","https://30seconds.com/food/tip/56927/Quick-Easy-Tartar-Sauce-Recipe-Is-Worthy-of-the-Best-Seafood-5-Ingredients","Condiments & Sauces","Mixed Seafood"
"Red Velvet Cake with Cream Cheese Frosting | Sally&#39;s Baking Addiction","https://sallysbakingaddiction.com/red-velvet-layer-cake-with-cream-cheese-frosting/","Cakes & Cheesecakes","N/A"
"Restaurant-Style Taco Meat Seasoning Recipe - Allrecipes.com","http://allrecipes.com/recipe/85905/restaurant-style-taco-meat-seasoning/","Condiments & Sauces","N/A"
"Salmon Burgers with Cajun Tartar Sauce - The Cooking Mom","https://www.thecookingmom.com/recipe-box/sandwiches/salmon-burgers-with-cajun-tartar-sauce/","Condiments & Sauces","Salmon"
"Saltine-Crusted Bite-Size Crabcakes with Jalapeño Tartar Sauce","https://flip.it/H5vcel","Condiments & Sauces","Crab / Crawfish"
"Southern Spaghetti Sauce - Spicy Southern Kitchen","https://spicysouthernkitchen.com/southern-spaghetti-sauce/","Condiments & Sauces","N/A"
"Super Moist Lemon Blueberry Loaf Cake Recipe With Sweet Lemon Glaze (Gluten Free) | Cakes/Cupcakes | 30Seconds Food","https://30seconds.com/food/tip/12606/Super-Moist-Lemon-Blueberry-Loaf-Cake-Recipe-With-Sweet-Lemon-Glaze-Gluten-Free?utm_source=flipboard&utm_content=30Secondscom/magazine/30Seconds.com","Cakes & Cheesecakes","N/A"
"Sweet &amp; Savory Balsamic Honey Glaze Grilled Chicken Recipe Is All About Flavor","https://flip.it/Iv0gDK","Condiments & Sauces","Chicken"
"""Sweet &amp; Smoky Salmon Seasoning | Hey Grill, Hey""","https://heygrillhey.com/sweet-smoky-salmon-seasoning/","Condiments & Sauces","Salmon"
"""Tartar Sauce Recipe (With Fresh Herbs, Capers, and Pickles) | Kitchn""","https://www.thekitchn.com/tartar-sauce-recipe-23198232?utm_source=RSS&utm_medium=feed&utm_campaign=Category/Channel:+main","Condiments & Sauces","N/A"
"Tasting Table Recipe: Remoulade Sauce Recipe","https://flip.it/4EzQQJ","Condiments & Sauces","N/A"
"THE BEST Chocolate Birthday Cake Recipe with Chocolate Frosting!","https://grandbaby-cakes.com/birthday-chocolate-cake/","Cakes & Cheesecakes","N/A"
"The Best Homemade Burger Seasoning | CopyKat Recipes","https://copykat.com/burger-seasoning/","Condiments & Sauces","N/A"
"The Best Rib Dry Rub Spice Recipe - A Few Shortcuts","https://afewshortcuts.com/best-rib-dry-rub/","Condiments & Sauces","N/A"
"The Ultimate Homemade Dry Rub (use for Pork or Chicken)","https://www.vindulge.com/ultimate-homemade-dry-rub/","Condiments & Sauces","Chicken"
"These Recipes with Cinnamon Will Spice Up Your Life | Southern Living","https://www.southernliving.com/seasonings/spices/spice-up-your-life-with-these-40-recipes-made-for-cinnamon-lovers","Collections & Roundups","N/A"
"This 5-Minute Hot Fudge Sauce Turns Any Pint Into a Sundae","https://flip.it/cqVpxE","Desserts (General)","N/A"
"This Easy 2-Ingredient Magic Shell Is the Upgrade Your Ice Cream Needs This Summer","https://flip.it/s8FvWi","Desserts (General)","N/A"
"This Tartar Sauce Recipe Is Worthy of Being Served With Award-winning Seafood","https://flip.it/aavBfE","Condiments & Sauces","Mixed Seafood"
"Ultimate Caramel Frosting Recipe Is What Dreams Are Made Of","https://flip.it/FaX6WZ","Desserts (General)","N/A"
"Crumbl copycat","https://cookingwithkarli.com/crumbl-cookies-copycat-recipes/","Cookies","N/A"
"10 Top-Rated Traditional German Christmas Cookies","https://flip.it/LZ-qY_","Collections & Roundups","N/A"
"13 Delicious Gluten-Free Cookie Recipes: Satisfy Your Sweet Tooth! | Flipboard","https://flipboard.com/@thehonoursystem/13-delicious-gluten-free-cookie-recipes-satisfy-your-sweet-tooth-k494p87qlabsuosd?from=share&utm_source=flipboard&utm_medium=share","Collections & Roundups","N/A"
"13 Old-Fashioned Cookie Recipes You Need To Know","https://flip.it/KhYhjF","Collections & Roundups","N/A"
"13 Pinwheel Cookies to Make for a Cookie Swap or Any Occassion | Better Homes &amp; Gardens","https://www.bhg.com/recipes/desserts/cookies/pinwheel-cookies/","Collections & Roundups","N/A"
"16 Essential Cookie Recipes for Holiday 2020 | Kitchn","https://www.thekitchn.com/features/quarantine-cookies","Collections & Roundups","N/A"
"32 Types Of Italian Cookies You&#39;ll Want To Bake - Tasting Table","https://flip.it/SD.Y0f","Collections & Roundups","N/A"
"""40 Homemade Cookies, Candy and Fudge Treats That Make Delicious Holiday Gifts""","https://flip.it/wMQvjF","Collections & Roundups","N/A"
"Authentic Zimtsterne (German Cinnamon Star Cookies) - The Daring Gourmet","https://www.daringgourmet.com/zimtsterne-german-cinnamon-star-cookies/","Cookies","N/A"
"Baci di Dama - Italian Hazelnut Cookies","https://recipesgram.com/baci-di-dama-italian-hazelnut-cookies8/","Cookies","N/A"
"Bake a Batch of These Yummy Brownie Cookies","https://flip.it/BaztNX","Cookies","N/A"
"Banana Pudding Cookies Perfectly Capture the Magic of Banana Pudding","https://flip.it/3SAUJG","Puddings & Custards","N/A"
"Best Cowboy Cookies Recipe - How To Make Cowboy Cookies","https://flip.it/tLnGnR","Cookies","N/A"
"Best Red Velvet Cookies Recipe | YellowBlissRoad.com","https://www.yellowblissroad.com/red-velvet-cookies/","Cookies","N/A"
"Brown Butter and Toffee Chocolate Chip Cookies Recipe | Bon Appétit","https://www.bonappetit.com/recipe/brown-butter-and-toffee-chocolate-chip-cookies","Cookies","N/A"
"Brown sugar cookies","https://www.thekitchn.com/brown-sugar-cookies-recipe-23102311","Cookies","N/A"
"brown sugar maple glaze cookies - the palatable life","https://www.thepalatablelife.com/brown-sugar-maple-glaze-cookies/","Cookies","N/A"
"Buttery Amish Sugar Cookie Recipe Melts in Your Mouth (20 Minutes) | Amish Recipes | 30Seconds Food","https://30seconds.com/food/tip/33488/Buttery-Amish-Sugar-Cookie-Recipe-Melts-in-Your-Mouth-20-Minutes","Cookies","N/A"
"Caramel Apple Cookies - Upstate Ramblings","https://www.upstateramblings.com/caramel-apple-cookies/","Cookies","N/A"
"Cheesecake Cookies Recipe","https://flip.it/-UKvOI","Cookies","N/A"
"Cheesecake-Stuffed Chocolate Crinkle Cookies - PureWow","https://www.purewow.com/recipes/cheesecake-stuffed-chocolate-crinkle-cookies","Cookies","N/A"
"Chocolate Chip Cookie Brownie Bombs","https://gordonramsayclub.com/chocolate-chip-cookie-brownie-bombs10/","Cookies","N/A"
"Copycat Pirouette Cookies (Nutella-filled Cigar Cookies) - Cupcake Project","https://www.cupcakeproject.com/copycat-pirouette-cookies-nutella-filled-cigar-cookies/","Cookies","N/A"
"Danish Butter Cookies - Spatula Desserts","https://www.spatuladesserts.com/danish-butter-cookies/","Cookies","Chicken"
"Easy Ghirardelli Seven Layer Brownie Bar Recipe | Foodtalk","https://www.foodtalkdaily.com/posts/cookies-bars/brownies/easy-ghirardelli-seven-layer-brownie-bar-recipe-44653852","Bars & Brownies","N/A"
"""Easy Gluten Free Peanut Butter Cookies (Vegan, GF, Dairy-Free, Refined Sugar-Free) + Happy 2 Years! - Beaming Baker""","https://beamingbaker.com/easy-gluten-free-peanut-butter-cookies-vegan-gf-dairy-free-refined-sugar-free/","Cookies","Pork"
"Easy Honey Cookies Recipe: This Old-fashioned Honey Cookie Recipe Is the Bee&#39;s Knees Dessert | Cookies | 30Seconds Food","https://30seconds.com/food/tip/14735/Easy-Honey-Cookies-Recipe-This-Old-fashioned-Honey-Cookie-Recipe-Is-the-Bees-Knees-Dessert","Cookies","Beef"
"Easy Pecan Pie Recipe | The BEST Old-Fashioned Pecan Pie!","https://cookiesandcups.com/easy-pecan-pie-recipe/","""Pies, Tarts & Cobblers""","Beans / Legumes"
"""Easy, Soft Lemon Cookies with Lemon Curd &amp; Buttermilk Recipe | Tasting Table""","https://www.tastingtable.com/cook/recipes/soft-buttermilk-cookies-lemon-curd-recipe","Cookies","Crab / Crawfish"
"Florentine Cookies","https://culinaryginger.com/florentine-cookies/","Cookies","Pork"
"Fresh Mint Ice Cream Recipe","https://cookieandkate.com/light-mint-ice-cream-recipe/","Cookies","Crab / Crawfish"
"Gluten Free Chocolate Chip Cookies Recipe | Mrs. Fields-style","https://glutenfreeonashoestring.com/mrs-fields-gluten-free-chocolate-chip-cookies/","Cookies","N/A"
"Grandma&#39;s Old-Fashioned Lemon Butter Cookies Recipe Is So Refreshing | Cookies | 30Seconds Food","https://30seconds.com/food/tip/14730/Grandmas-Old-Fashioned-Lemon-Butter-Cookies-Recipe-Is-So-Refreshing","Cookies","N/A"
"Homemade Biscoff (Belgian Speculoos Cookies) Recipe","https://www.seriouseats.com/homemade-biscoff-recipe","Cookies","Pork"
"How to Ship Cookies Without Breaking a Single One","https://flip.it/_JsexP","Cookies","Pork"
"""I tried $6 cookies at Disney World that people wait hours in line for, and it was the highlight of my vacation""","https://flip.it/5B.BYj","Cookies","Eggs"
"I Tried the Most Popular Christmas Cookie in the South | The Kitchn","https://www.thekitchn.com/pecan-tassies-recipe-review-23617786","Cookies","N/A"
"I Tried TikTok’s &#39;Gilmore Girls&#39; Coffee Cake Cookies For The Fall","https://www.elitedaily.com/lifestyle/gilmore-girls-coffee-cake-cookies-recipe-tiktok-review","Cookies","Beef"
"Iced Orange Cookies Recipe | Taste of Home","https://www.tasteofhome.com/recipes/iced-orange-cookies/print/","Cookies","N/A"
"Italian Chocolate Florentines Recipe","https://savewithjamies.com/chocolate-italian-florentines-recipes1/","Cookies","Pork"
"Italian Lemon Cookies","https://flip.it/QR7Lai","Cookies","N/A"
"Italian Ricotta Cookies Recipe: Life Is Good With This Soft Ricotta Chocolate Chip Cookies Recipe","https://flip.it/zC03G4","Cookies","N/A"
"Koggetjes (Dutch Caramel Cookies)","https://flip.it/zL-9dd","Cookies","N/A"
"Lemon Cookies: Delicious Homemade Sugar Cookies! - 31 Daily","https://www.31daily.com/lemon-sugar-cookies/","Cookies","Beef"
"Lemon Meltaway Cookies | i am baker","https://iambaker.net/lemon-meltaway-cookies/","Cookies","N/A"
"Lemon tea cookies","https://www.thekitchn.com/lemon-tea-cakes-recipe-23102063","Cookies","Beans / Legumes"
"Macaron master class: A step-by-step recipe from Bisous Bisous Patisserie in Dallas","https://www.dallasnews.com/food/cooking/2021/03/08/macaron-master-class-a-step-by-step-recipe-from-bisous-bisous-patisserie-in-dallas/","Cookies","N/A"
"Maple Cookies Recipe | SimplyRecipes.com","https://www.simplyrecipes.com/recipes/maple_cookies/","Cookies","N/A"
"Melt-In-Your-Mouth Mexican Wedding Cookies Recipe","https://flip.it/qMXOa_","Cookies","N/A"
"Moist Brownie Batter Cookie Recipe May Be Better Than Brownies","https://flip.it/YRWauD","Cookies","N/A"
"Mostaccioli Cookies from Molise","https://flip.it/0_ucAT","Cookies","N/A"
"Mousse Chocolate Chip Shooters","https://foodcontessa.com/mousse-chocolate-chip-cookies-shooters6/","Puddings & Custards","N/A"
"Oatmeal Banana Cookies","https://flip.it/mJ_-O3","Cookies","N/A"
"Oatmeal Cookies {Soft and Chewy} - Cooking Classy","https://www.cookingclassy.com/oatmeal-cookies/","Cookies","N/A"
"Our 25 Best Cookie Recipes of All Time","https://flip.it/cXqKyg","Collections & Roundups","N/A"
"Peppermint Snowball Cookies","https://flip.it/V0dQJ8","Cookies","Chicken"
"Preacher Cookies","https://flip.it/vFDobE","Cookies","N/A"
"Recipe for Banana Pudding Cookies | Everyday Family Cooking","https://www.everydayfamilycooking.com/banana-pudding-cookies/","Cookies","N/A"
"Recipe for Danish Butter Cookies (Vaniljekranse) - The BEST recipe","https://nordicfoodliving.com/danish-butter-cookies-vaniljekranse/","Cookies","N/A"
"Ricciarelli (Tuscan Almond Cookies) Recipe","https://flip.it/0PhZH-","Cookies","N/A"
"""Ridiculous Revel Bars Recipe: If Oatmeal Cookies, Fudge &amp; Brownies Had a Baby""","https://flip.it/yDDiEM","Bars & Brownies","N/A"
"ROOT BEER COOKIES - Family Cookie Recipes","https://familycookierecipes.com/root-beer-cookies/","Cookies","N/A"
"Salted Millionaire Cookie Bars Recipe","https://www.thespruceeats.com/salted-millionaire-cookie-bars-recipe-7566788","Cookies","N/A"
"Soft Baked Vegan Sugar Cookies with Cashew Icing Recipe - Love and Lemons","https://www.loveandlemons.com/soft-baked-vegan-sugar-cookies-with-cashew-icing/","Cookies","N/A"
"Sweet Coffee Cake Cookie Recipe: These Cinnamon Cookies Are OMG Good | Cookies | 30Seconds Food","https://30seconds.com/food/tip/63203/Sweet-Coffee-Cake-Cookie-Recipe-These-Cinnamon-Cookies-Are-OMG-Good","Cookies","N/A"
"Tasting Table Recipe: Cream Cheese Christmas Cookies Recipe","https://flip.it/nfqlPl","Cookies","N/A"
"The Best Chocolate Chip Cookie Recipe Ever - JoyFoodSunshine","https://joyfoodsunshine.com/the-most-amazing-chocolate-chip-cookies/","Cookies","N/A"
"The Best Glazed Orange Cookies - The Kitchen Magpie","https://www.thekitchenmagpie.com/the-best-glazed-orange-cookies/","Cookies","N/A"
"These Are Hands-Down the Most Beautiful Cookies You Can Possibly Bake","https://flip.it/rxhvPD","Cookies","N/A"
"These Soft-Baked Banana Pudding Cookies Combine Two Desserts in One","https://flip.it/4DzTw_","Cookies","N/A"
"""This One Ingredient Is Key to Perfect, Melt-in-Your Mouth Biscochitos""","https://flip.it/WjNsIj","Cookies","N/A"
"Traditional Snickerdoodles Recipe","https://flip.it/ZReK-N","Cookies","N/A"
"Twix Cookies","https://www.shugarysweets.com/twix-cookies/","Cookies","Pork"
"Vegan Gluten-Free Almond Crinkle Cookies Recipe","https://flip.it/J4rVAP","Cookies","N/A"
"White Chocolate Peppermint French Macarons","https://flip.it/tTzV-P","Cookies","N/A"
"Wyoming Cowboy Cookies","https://flip.it/eY5dfm","Cookies","N/A"
"6 Extra Delish Dark Chocolate Dessert Recipes Not to Miss - Flipboard","https://flipboard.com/@claudiozi/6-extra-delish-dark-chocolate-dessert-recipes-not-to-miss-jinh89g0bm0p43qr?from=share&utm_source=flipboard&utm_medium=share","Collections & Roundups","N/A"
"Chocolate Soufflé with Orange Sauce Recipe | Tasting Table","https://www.tastingtable.com/cook/recipes/chocolate-souffle-orange-sauce-jacques-pepin-french-dessert-recipe","Puddings & Custards","N/A"
"Pecan Desserts Bring Everyone Back To The Table | Little House Big Alaska","https://littlehousebigalaska.com/2024/10/pecan-desserts-that-fill-your-home-with-warmth-and-joy.html","Collections & Roundups","N/A"
"The Best 27 Desserts From Around The World - Spatula Desserts","https://www.spatuladesserts.com/desserts-around-the-world-you-can-easily-bake-at-home/","Collections & Roundups","N/A"
"10 Grilled Cheese Recipes That Are Next Level | 12 Tomatoes","https://12tomatoes.com/10-grilled-cheese-recipes/","Collections & Roundups","N/A"
"3-2-1 Baby Back Ribs Recipe | Traeger Wood Fired Grills","https://www.traegergrills.com/recipes/pork/3-2-1-baby-back-ribs","""Grilling, BBQ & Smoking""","Pork"
"5 Different Methods for Reheating Pulled Pork in the Right Way","https://furiousgrill.com/reheating-pulled-pork/","Collections & Roundups","Pork"
"BBQ 3-2-1 St. Louis Ribs Recipe | Traeger Wood Fired Grills","https://www.traegergrills.com/recipes/pork/3-2-1-bbq-ribs","""Grilling, BBQ & Smoking""","Pork"
"Cedar Plank Grilled Pork Chops with Sweet Glaze | Brown Sugar","http://bsugarmama.com/cedar-plank-grilled-pork-chops-with-sweet-glaze/","""Grilling, BBQ & Smoking""","Pork"
"Competition Style Smoked Pork Ribs -- What you need to know","https://www.vindulge.com/competition-style-smoked-pork-ribs/","""Grilling, BBQ & Smoking""","Pork"
"Competition Style Spare Ribs","https://www.traegergrills.com/recipes/pork/competition-style-spare-ribs","""Grilling, BBQ & Smoking""","Pork"
"""For a Better Ribeye, Combine Sous-Vide and Smoke""","https://flip.it/ashniV","""Grilling, BBQ & Smoking""","Beef"
"""Grilled Halibut Recipe With Garlic Cilantro Sauce: A Healthy, Easy, Moist Fish Recipe | Seafood | 30Seconds Food""","https://flip.it/xt878R","""Grilling, BBQ & Smoking""","Fish (White)"
"Grilled Orange Salmon Recipe with Maple Glaze - Vindulge","https://www.vindulge.com/grilled-salmon-with-orange-maple-glaze/#wprm-recipe-container-5829","""Grilling, BBQ & Smoking""","Salmon"
"Grilled Orange Salmon Recipe with Maple Glaze - Vindulge","https://www.vindulge.com/grilled-salmon-with-orange-maple-glaze/","""Grilling, BBQ & Smoking""","Salmon"
"How to Make Bang Bang Shrimp Just Like Bonefish Grill","https://flip.it/J29EXf","""Grilling, BBQ & Smoking""","Shrimp"
"""How to Smoke a Turkey, from the Pros at 2M Smokehouse""","https://flip.it/xOoJQ2","""Grilling, BBQ & Smoking""","Turkey"
"Italy&#39;s Deep-Fried Take On The Grilled Cheese","https://flip.it/0BZKZr","""Sandwiches, Wraps & Tacos""","N/A"
"Mom&#39;s Famous 3-Ingredient Teriyaki Honey Grilled Salmon Recipe Is Massaged for Extra Flavor","https://flip.it/6lvn9k","""Grilling, BBQ & Smoking""","Salmon"
"""Rosemary Ranch Grilled Chicken Recipe Is Quick, Moist &amp; Flavorful""","https://flip.it/gDkof5","""Grilling, BBQ & Smoking""","Chicken"
"Smoked Pork Belly Burnt Ends (recipe and video) - Vindulge","https://www.vindulge.com/smoked-pork-belly-burnt-ends-recipe-and-video/","""Grilling, BBQ & Smoking""","Pork"
"Spicy Honey-Garlic BBQ Shrimp Skewers","https://flip.it/X47hCS","""Grilling, BBQ & Smoking""","Shrimp"
"The Best Pellet Grill Recipes | Traeger Wood Fired Grills","https://www.traegergrills.com/recipes","Collections & Roundups","N/A"
"Traeger Pulled Pork Recipe | Traeger Wood Fired Grills","https://www.traegergrills.com/recipes/pork/traeger-pulled-pork","""Grilling, BBQ & Smoking""","Pork"
"4-Ingredient Creamy Raw Honey Ice Cream Recipe Is Un-bee-lievably Good","https://flip.it/zwdLkS","Ice Cream & Frozen Desserts","N/A"
"Big Red Ice Cream | Tasty Kitchen: A Happy Recipe Community!","https://tastykitchen.com/recipes/desserts/big-red-ice-cream-2/","Ice Cream & Frozen Desserts","Plant-Based"
"""Easy Pineapple Sherbet Recipe: This Refreshing Pineapple Sherbet Recipe Is Cool, Creamy &amp; So Easy to Make | Ice Cream | 30Seconds Food""","https://flip.it/xqXzaA","Ice Cream & Frozen Desserts","N/A"
"Homemade Dairy Free Ice Cream 5 Ways | Mind Over Munch","https://mindovermunch.com/recipes/homemade-dairy-free-ice-cream-maker-recipes/","Ice Cream & Frozen Desserts","N/A"
"How to Make Homemade Sorbet Just in Time for Summer","https://flip.it/1j.QRW","Ice Cream & Frozen Desserts","N/A"
"Old-Fashioned &quot;No Short-Cuts&quot; Strawberry Ice Cream Recipe on Food52","https://food52.com/recipes/28442-old-fashioned-no-short-cuts-strawberry-ice-cream","Ice Cream & Frozen Desserts","N/A"
"Raw Honey Ice Cream Recipe: Turn 4 Simple Ingredients Into a Creamy Honey Ice Cream | Ice Cream | 30Seconds Food","https://30seconds.com/food/tip/28764/Raw-Honey-Ice-Cream-Recipe-Turn-4-Simple-Ingredients-Into-a-Creamy-Honey-Ice-Cream","Ice Cream & Frozen Desserts","Pork"
"Vanilla Bean Ice Cream Recipe - Jeni Britton-Bauer | Food &amp; Wine","https://www.foodandwine.com/recipes/vanilla-bean-ice-cream","Ice Cream & Frozen Desserts","N/A"
"Vanilla Frozen Custard Recipe {Easy Small Batch Homemade Ice Cream}","https://www.tastesoflizzyt.com/vanilla-frozen-custard/","Ice Cream & Frozen Desserts","N/A"
"Very Chocolate Ice Cream Recipe - Allrecipes.com","https://www.allrecipes.com/recipe/56803/very-chocolate-ice-cream/","Ice Cream & Frozen Desserts","N/A"
"Want Mindblowing Mint Chip Ice Cream? Ditch the Bottle of Extract | Serious Eats","https://www.seriouseats.com/2015/06/best-mint-chocolate-chip-ice-cream-recipe.html","Ice Cream & Frozen Desserts","N/A"
"Pecan Tassies","https://dinnerthendessert.com/pecan-tassies/","Desserts (General)","N/A"
"Hibachi fried rice","https://bakeitwithlove.com/hibachi-fried-rice/","Side Dishes & Vegetables","N/A"
"""11 Classic Casseroles So Good, They Never Should Have Gone Away - Renee Nicole&#39;s Kitchen""","https://reneenicoleskitchen.com/11-classic-casseroles/?utm_source=flipboard&utm_content=RNsKitchen/magazine/Fave+Recipe+Collections","Main Dishes","Pork"
"15 Top Seafood Recipes from the American Southeast | Allrecipes","https://www.allrecipes.com/gallery/the-best-seafood-of-the-southeast/","Collections & Roundups","N/A"
"2 Chefs Share Their Indian Butter Chicken Recipe","https://flip.it/kyiWBg","Main Dishes","Chicken"
"A Creamy Chicken Casserole That’s Become My Family’s New Comfort Food","https://flip.it/7os4WL","Main Dishes","Pork"
"A Main-Dish Version of the Best Side","https://flip.it/6LwMTs","Side Dishes & Vegetables","N/A"
"Alton Brown&#39;s Good Eats Roast Turkey Recipe With A Twist","https://www.mashed.com/662690/alton-browns-good-eats-roast-turkey-recipe-with-a-twist/","Main Dishes","Turkey"
"Authentic German Schnitzel Recipe","https://thestayathomechef.com/german-schnitzel-recipe/","Main Dishes","Pork"
"Beef Pot Pie III | Allrecipes","https://www.allrecipes.com/recipe/22851/beef-pot-pie-iii/","Main Dishes","Beef"
"Black Folks Fried Chicken Recipe","https://flip.it/iD_yqK","Main Dishes","Chicken"
"Buttermilk Fried Chicken Recipe | The Hungry Hutch","https://www.thehungryhutch.com/buttermilk-fried-chicken/","Main Dishes","Chicken"
"Cheddar Bay Biscuits Recipe With a Twist: My Favorite Time-Saving Dinner Hack","https://flip.it/EoKxs5","Breakfast & Brunch","N/A"
"Cheese-Stuffed Meatloaf Recipe: This Moist Meatloaf Recipe Is Anything But Boring","https://flip.it/ULh2T1","Main Dishes","Beef"
"Cheesy Baked Meatball Casserole Recipe: Now That&#39;s a Spicy Ground Beef Meatball Casserole Recipe!","https://flip.it/fhtr3n","Main Dishes","Pork"
"Cheesy Chicken Casserole Recipe: This Chicken &amp; Chips Mexican Casserole Recipe Has a Secret Ingredient","https://flip.it/vOdsK-","Main Dishes","Chicken"
"Chinese Orange Chicken – Modern Honey","https://www.modernhoney.com/chinese-orange-chicken/","Main Dishes","Chicken"
"Classic Chicken Cordon Bleu Recipe - Tasting Table","https://flip.it/yeHuH8","Main Dishes","Chicken"
"""Colonel Sanders&#39; wife had a fried chicken recipe, too. I tried it, and it just may be better than her husband&#39;s.""","https://flip.it/QIVw5G","Main Dishes","Chicken"
"Company Pot Roast Recipe | Ina Garten | Food Network","https://www.foodnetwork.com/recipes/ina-garten/company-pot-roast-recipe-1946134","Main Dishes","Beef"
"Creamy French Onion Chicken Casserole Recipe Is What to Make This Week | Casseroles | 30Seconds Food","https://30seconds.com/food/tip/52297/Creamy-French-Onion-Chicken-Casserole-Recipe-Is-What-to-Make-This-Week","Main Dishes","Chicken"
"Easy Buttermilk Parker House Dinner Rolls Recipe Is the Way to Bake Bread Rolls | Bread/Muffins | 30Seconds Food","https://flip.it/c7HRfr","Breads & Flatbreads","N/A"
"Easy Tuna Casserole {Classic Comfort Food} - Spend With Pennies","https://www.spendwithpennies.com/easy-tuna-casserole/","Main Dishes","Fish (White)"
"Easy Weeknight Tuna Pot Pie Recipe - Allrecipes.com","https://www.allrecipes.com/recipe/79601/easy-weeknight-tuna-pot-pie/","Main Dishes","Fish (White)"
"Feta and Spinach Chicken Patties - Healthy Little Peach","https://healthylittlepeach.com/feta-and-spinach-chicken-patties/","Main Dishes","Chicken"
"Garlic Butter Cheese-Stuffed Dinner Rolls Recipe Is Irresistible (7 Ingredients) | Bread/Muffins | 30Seconds Food","https://30seconds.com/food/tip/56380/Garlic-Butter-Cheese-Stuffed-Dinner-Rolls-Recipe-Is-Irresistible-7-Ingredients?utm_source=flipboard&utm_content=30Secondscom/magazine/30Seconds.com","Breads & Flatbreads","N/A"
"General Tso’s Chicken Recipe","https://flip.it/.syPS5","Main Dishes","Chicken"
"Grandma Carlson&#39;s Turkey Pot Pie Recipe - Allrecipes.com","https://www.allrecipes.com/recipe/215445/grandma-carlsons-turkey-pot-pie/","Main Dishes","Turkey"
"Grandma’s Cheesy Tuna Casserole Recipe: Like a Warm Blanket on a Cold Day","https://flip.it/mGdKCt","Main Dishes","Fish (White)"
"Hall of Fame French Onion Meatballs Recipe: A Fantastic Ground Beef Dinner Recipe","https://flip.it/-WZgqQ","Main Dishes","Beef"
"Hawaiian Garlic Butter Shrimp Recipe: A Legit 15-Minute Seafood Dinner | Seafood | 30Seconds Food","https://30seconds.com/food/tip/55444/Hawaiian-Garlic-Butter-Shrimp-Recipe-A-Legit-15-Minute-Seafood-Dinner","Main Dishes","Shrimp"
"Hibachi Fried Rice Recipe: A Chef Cracked the Code for Hibachi-Style Rice at Home","https://flip.it/QHbqEF","Main Dishes","N/A"
"Homemade Chicken and Dumplings | Brown Eyed Baker","https://www.browneyedbaker.com/chicken-and-dumplings/","Main Dishes","Chicken"
"Honey Pork Spare Ribs Recipe | Saveur","https://www.saveur.com/recipes/honey-pork-spare-ribs-recipe/","Main Dishes","Lobster"
"Honey-Balsamic Steak Bites Recipe | Kitchn","https://www.thekitchn.com/treat-yourself-to-honey-balsamic-steak-bites-tonight-23149596?utm_source=RSS&utm_medium=feed&utm_campaign=Category/Channel:+collection/dinner","Main Dishes","Beef"
"How to cook Bavarian Roast Pork - Krustenbraten - Days of Jay","https://flip.it/SiaH4a","Main Dishes","Pork"
"How to Cook Brisket On a Pellet Smoker: A Step-by-Step Smoked Brisket Recipe | Beef | 30Seconds Food","https://30seconds.com/food/tip/87478/How-to-Cook-Brisket-On-a-Pellet-Smoker-A-Step-by-Step-Smoked-Brisket-Recipe?utm_source=flipboard&utm_content=topic/recipes","Main Dishes","Beef"
"How To Make a Foolproof Pan Pizza | Kitchn","https://www.thekitchn.com/pan-pizza-recipe-23123599?utm_source=RSS&utm_medium=feed&utm_campaign=Category/Channel:+main","Main Dishes","Beef"
"How To Make Authentic Cotoletta Alla Milanese Like An Italian Nonna (No Deep Fryer Needed)","https://www.gamintraveler.com/2025/09/18/how-to-make-an-authentic-cotoletta-alla-milanese/?utm_source=flipboard&utm_content=food/magazine/The+Recipe+Exchange","Main Dishes","Beef"
"How to make crispy honey garlic chicken wings — no frying necessary","https://flip.it/Sb-qCK","Main Dishes","Chicken"
"How To Make Meatloaf in 2021: A Step-by-Step Guide | The Manual","https://www.themanual.com/food-and-drink/how-to-make-meat-loaf/","Main Dishes","Beef"
"I Tried the King Ranch Chicken Casserole Recipe and I&#39;m Never Making Chicken Another Way","https://flip.it/j1BKN2","Main Dishes","Chicken"
"Instant Pot Mexican Chicken and Rice: Easy Dinner Recipe - Darrel&#39;s Recipes","https://flip.it/BIkO8y","Main Dishes","Chicken"
"""Italian Pie Casserole Recipe Is High-Protein Comfort Food Bliss (7 Ingredients, 30 Minutes) | Casseroles | 30Seconds Food""","https://30seconds.com/food/tip/75200/Italian-Pie-Casserole-Recipe-Is-High-Protein-Comfort-Food-Bliss-7-Ingredients-30-Minutes?utm_source=flipboard&utm_content=30Secondscom/magazine/30Seconds.com","Main Dishes","Beef"
"Judy Hesser’s Oven-Fried Chicken Recipe on Food52","https://food52.com/recipes/58557-judy-hesser-s-oven-fried-chicken","Main Dishes","Chicken"
"KFC Fried Chicken Copycat Recipe: This World Famous Chicken Recipe Is Finger Lickin&#39; Good | Poultry | 30Seconds Food","https://30seconds.com/food/tip/29813/KFC-Fried-Chicken-Copycat-Recipe-This-World-Famous-Chicken-Recipe-Is-Finger-Lickin-Good","Main Dishes","Chicken"
"Loaded Cornbread Casserole Recipe","https://flip.it/RMIyyn","Main Dishes","Pork"
"Loco Moco Recipe","https://www.2foodtrippers.com/loco-moco/","Main Dishes","Beef"
"""Meet Velvet Steak: The Easiest, Most Tender Beef You&#39;ll Ever Try""","https://www.allrecipes.com/how-to-velvet-steak-for-the-most-tender-beef-ever-8347639","Main Dishes","Beans / Legumes"
"Melbourne chef Jessica Nguyen shares her simple recipe for homemade &#39;KFC&#39; chicken  | Daily Mail Online","https://www.dailymail.co.uk/femail/article-9425301/Melbourne-chef-Jessica-Nguyen-shares-simple-recipe-homemade-KFC-chicken.html","Main Dishes","Chicken"
"Million Dollar Chicken and Rice Recipe","https://www.southernliving.com/million-dollar-chicken-and-rice-8730205?utm_source=flipboard&utm_content=SouthernLiving/magazine/Food","Main Dishes","Chicken"
"Million Dollar Chicken Casserole Recipe (So Easy!) | The Kitchn","https://www.thekitchn.com/million-dollar-chicken-casserole-recipe-23688891?utm_source=flipboard&utm_medium=social&utm_campaign=Category/Channel:+collection/dinner","Main Dishes","Chicken"
"Million-Dollar Chicken Casserole","https://flip.it/9BZKWu","Main Dishes","Chicken"
"Mouth-watering Honey Barbecue Meatloaf Recipe (5 Ingredients) | Beef | 30Seconds Food","https://30seconds.com/food/tip/19031/Mouth-watering-Honey-Barbecue-Meatloaf-Recipe-5-Ingredients","Main Dishes","Beef"
"One-Pot Chicken Bog - Life Made Simple","https://lifemadesimplebakes.com/one-pot-chicken-bog/","Main Dishes","Chicken"
"Our Best Dinner Recipes of All Time | Allrecipes","https://www.allrecipes.com/article/best-dinner-recipes-of-all-time/","Collections & Roundups","N/A"
"Oven Fried Chicken Tenders (Oven Fried Chicken) - Grandbaby Cakes","https://grandbaby-cakes.com/oven-fried-chicken-tenders/","Main Dishes","Chicken"
"Popeye&#39;s Fried Chicken Copycat Recipe: Love That Chicken From Popeyes at Home","https://flip.it/H2Dmj5","Main Dishes","Chicken"
"Pork Feast Paella Recipe | Epicurious","https://www.epicurious.com/recipes/food/views/pork-feast-paella","Main Dishes","Pork"
"Poulet En Croûte Is The French Take On Chicken Pot Pie","https://www.tastingtable.com/1469250/poulet-en-croute-chicken-pot-pie/","Main Dishes","Chicken"
"Refreshing Lemon Brined Crispy Fried Chicken Recipe Is a Keeper","https://flip.it/Viksbb","Main Dishes","Chicken"
"Restaurant Style Butter Chicken Masala (Murgh Makhani) - My Food Story","https://myfoodstory.com/easy-restaurant-style-butter-chicken-masala-murgh-makhani/","Main Dishes","Chicken"
"Smoked Brisket Recipe &amp; How To | Traeger Wood Fired Grills","https://www.traegergrills.com/recipes/beef/beef-brisket","Main Dishes","Beef"
"Southern Chicken and Dumplings - Grandbaby Cakes","https://grandbaby-cakes.com/southern-chicken-and-dumplings/","Main Dishes","Chicken"
"""Sprouted Whole Wheat Dinner Rolls: Healthy, Soft Bread for Holiday Meals""","https://savoringtoday.com/sprouted-wheat-dinner-rolls/","Breads & Flatbreads","N/A"
"Stanley Tucci’s timpano recipe","https://flip.it/-50YIe","Main Dishes","Beef"
"Sticky Honey Garlic Chicken Recipe","https://flip.it/z_nQrJ","Main Dishes","Chicken"
"Succulent Italian Pot Roast (Stracotto) Recipe Melts In Your Mouth (Foodie Favorite) | Italian Recipes | 30Seconds Food","https://30seconds.com/food/tip/73561/Succulent-Italian-Pot-Roast-Stracotto-Recipe-Melts-In-Your-Mouth-Foodie-Favorite?utm_source=flipboard&utm_content=30Secondscom/magazine/30Seconds.com","Main Dishes","Beef"
"Taste of Japan: Chicken + egg + rice in a bowl = Oyakodon","https://flip.it/sOqAcv","Main Dishes","Chicken"
"Tasting Table Recipe: Best Baked Mac &amp; Cheese Casserole Recipe","https://flip.it/IrlRHt","Main Dishes","N/A"
"The BEST Chicken Pot Pie Recipe | The Gracious Wife","https://www.thegraciouswife.com/perfect-chicken-pot-pie/","Main Dishes","Chicken"
"The Best Classic Shepherd&#39;s Pie - The Wholesome Dish","https://www.thewholesomedish.com/the-best-classic-shepherds-pie/","Main Dishes","Beef"
"The Crispiest Oven-fried Chicken Recipe Ever (It&#39;s Legit) | Poultry | 30Seconds Food","https://flip.it/QGutfZ","Main Dishes","Chicken"
"""The silkiest, creamiest, absolute best risotto recipes""","https://flip.it/go2Pbv","Pasta & Noodles","N/A"
"This Red Beans &amp; Rice Recipe Is Louisiana In a Bowl (25 Minutes) | Dinner | 30Seconds Food","https://30seconds.com/food/tip/16654/This-Red-Beans-Rice-Recipe-Is-Louisiana-In-a-Bowl-25-Minutes?utm_source=flipboard&utm_content=30Secondscom/magazine/30Seconds.com","Side Dishes & Vegetables","N/A"
"This Sticky Chinese Lemon Chicken Recipe Is So Good You Will Want to Make It Every Night for Dinner","https://flip.it/b7CoAN","Main Dishes","Chicken"
"Tuna Casserole That’ll Change Your Mind About Tuna Casserole","https://thehonoursystem.com/homemade-tuna-casserole/?utm_source=flipboard&utm_content=food%2Fmagazine%2FThe+Recipe+Exchange","Main Dishes","Fish (White)"
"Turkey Rub Recipe - Dinner at the Zoo","https://www.dinneratthezoo.com/turkey-rub-recipe/","Main Dishes","Turkey"
"Ultimate Nacho Casserole Recipe Is What to Make for National Nacho Day | Casseroles | 30Seconds Food","https://30seconds.com/food/tip/66581/Ultimate-Nacho-Casserole-Recipe-Is-What-to-Make-for-National-Nacho-Day?utm_source=flipboard&utm_content=30Secondscom/magazine/30Seconds.com","Main Dishes","Beef"
"Virginia Willis&#39; Quick Herb Chicken and Dumplings | Southern Kitchen","https://www.southernkitchen.com/recipes/main-dish/virginia-willis-quick-herb-chicken-and-dumplings","Main Dishes","Chicken"
"What Makes Jamaican Jerk Chicken So Tasty (with Recipe)","https://flip.it/YjZE3_","Main Dishes","Chicken"
"Zucchini and Squash Casserole (Easy Vegetarian Recipe) | Kitchn","https://www.thekitchn.com/zucchini-and-squash-casserole-recipe-23207867?utm_source=RSS&utm_medium=feed&utm_campaign=Category/Channel:+collection/dinner","Side Dishes & Vegetables","N/A"
"Gluten free pasta","https://theloopywhisk.com/2018/02/23/homemade-3-ingredient-gluten-free-pasta-recipe/","Pasta & Noodles","N/A"
"30-Minute Creamy Mexican Chicken Spaghetti Casserole Recipe Isn&#39;t Your Grandma&#39;s Recipe | Poultry | 30Seconds Food","https://flip.it/TMISBL","Pasta & Noodles","Chicken"
"Best Smoked Sausage Cajun Alfredo Recipe - How To Make Sausage Cajun Alfredo","https://www.delish.com/cooking/recipe-ideas/a46445542/smoked-sausage-cajun-alfredo-recipe/","Pasta & Noodles","Pork"
"Best Tuscan Tortellini Skillet Bake - How To Make Tuscan Tortellini Skillet Bake","https://www.delish.com/cooking/recipe-ideas/a44879320/tuscan-tortellini-skillet-bake-recipe/","Pasta & Noodles","N/A"
"Cacio e Pepe Recipe | Geoffrey Zakarian | Food Network","https://www.foodnetwork.com/recipes/geoffrey-zakarian/cacio-e-pepe-5176183","Pasta & Noodles","N/A"
"Cheese &amp; Onion Pierogi (Polish Dumplings)","https://flip.it/xzW9Yi","Pasta & Noodles","N/A"
"Cheesy &amp; Creamy Tuna Pasta Casserole Recipe Is Swimming With Flavor","https://flip.it/vzofFr","Pasta & Noodles","Fish (White)"
"Cheesy Taco Spaghetti Recipe: This Quick Taco Pasta Casserole Recipe Is Genius","https://flip.it/GXNc71","Main Dishes","Beef"
"Chicken Stuffed Shells Recipe - Grandbaby Cakes","https://grandbaby-cakes.com/chicken-stuffed-shells-recipe/","Pasta & Noodles","N/A"
"Classic Pad See Ew Recipe","https://www.tastingtable.com/890190/classic-pad-see-ew-recipe/","Pasta & Noodles","Chicken"
"Cowboy Spaghetti","https://flip.it/4ANh8l","Pasta & Noodles","Beef"
"Creamy Chicken Spinach Pasta Bake Recipe","https://flip.it/F9ASVo","Pasta & Noodles","Chicken"
"Creamy Sausage &amp; Spinach Stuffed Shells Recipe With Garlic Cream Sauce","https://flip.it/sS5S_s","Pasta & Noodles","Pork"
"Creamy Seafood-Stuffed Shells Recipe","https://www.tastingtable.com/1389242/creamy-seafood-stuffed-shells-recipe/","Pasta & Noodles","Fish (White)"
"""Crispy, Cheesy Persian Makaroni Is My Comfort Food MVP""","https://flip.it/Ewdh43","Pasta & Noodles","N/A"
"Fast Stromboli Recipe: This Cheesy Stromboli Recipe Means Dinner in 30 Minutes","https://flip.it/nS_erz","Pasta & Noodles","Beef"
"Granny&#39;s German Spaetzle","https://thestayathomechef.com/grannys-german-spaetzle/","Pasta & Noodles","Pork"
"Homemade Chicken Spaghetti - Spend With Pennies","https://www.spendwithpennies.com/homemade-chicken-spaghetti/","Pasta & Noodles","Chicken"
"Homemade Pasta - Recipes by Love and Lemons","https://www.loveandlemons.com/homemade-pasta-recipe/","Collections & Roundups","N/A"
"I Tried Food &amp; Wine’s Stuffed Shells and Dare I Say It’s the Perfect Recipe","https://flip.it/B5q9Dv","Pasta & Noodles","N/A"
"Impossibly creamy chicken cordon bleu pasta is the weeknight dinner of your dreams","https://flip.it/CJGuF0","Pasta & Noodles","Pork"
"It’s Time You Learned To Make Fettuccine Alfredo The Original Way","https://flip.it/77D2sw","Pasta & Noodles","N/A"
"Lemon chicken spaghetti with creamy alfredo sauce: Try the recipe","https://flip.it/UBBohW","Pasta & Noodles","Chicken"
"Lemon-Pepper Shrimp Scampi Pasta","https://flip.it/knPpDR","Pasta & Noodles","Shrimp"
"Making the ‘World’s Best Lasagna’ is a labor of love","https://flip.it/S8acqr","Pasta & Noodles","Beef"
"Mashed Recipe: Creamy Cajun Chicken Pasta Recipe","https://www.mashed.com/463590/creamy-cajun-chicken-pasta-recipe/?mode=print","Pasta & Noodles","Chicken"
"Mexican Chicken Lasagna Casserole Recipe Is Layers &amp; Layers of Cheesy Goodness","https://flip.it/umhmkD","Pasta & Noodles","Chicken"
"Nonna&#39;s Special Garlic &amp; Spinach Stuffed Pasta Shells Recipe (No Red Sauce)","https://flip.it/ZBB98b","Pasta & Noodles","N/A"
"Nonna’s Italian Pappardelle alla Fiesolana Recipe: A Centuries-Old “Peasant Pasta” Recipe","https://flip.it/Xe868R","Pasta & Noodles","N/A"
"Nonna’s Pappardelle alla Fiesolana Recipe Is Centuries Old (Ready in 30 Minutes) | Pasta | 30Seconds Food","https://30seconds.com/food/tip/55900/Nonnas-Pappardelle-alla-Fiesolana-Recipe-Is-Centuries-Old-Ready-in-30-Minutes","Pasta & Noodles","N/A"
"Pad Kee Mao (Thai Drunken Noodles) Recipe","https://www.tastingtable.com/1255868/pad-kee-mao-thai-drunken-noodles-recipe/","Pasta & Noodles","Chicken"
"Pasta alla Gricia | 2foodtrippers","https://www.2foodtrippers.com/pasta-alla-gricia/","Pasta & Noodles","N/A"
"Pasta Carbonara {EASY &amp; Indulgent!} | SimplyRecipes.com","https://www.simplyrecipes.com/recipes/spaghetti_alla_carbonara/","Pasta & Noodles","Pork"
"Rasta Pasta: A Jamaican Favorite With Jerk Chicken and Creamy Sauce","https://flip.it/15k3BK","Pasta & Noodles","Chicken"
"Simple Spaghetti Recipe - Food.com","http://www.food.com/recipe/simple-spaghetti-93714","Pasta & Noodles","Beef"
"Spaghetti alla Carbonara; Recipe from Rome – The Pasta Project","https://www.the-pasta-project.com/spaghetti-alla-carbonara/","Pasta & Noodles","N/A"
"Spaghetti alla Gricia Recipe | 2foodtrippers","https://www.2foodtrippers.com/spaghetti-alla-gricia/?utm_source=flipboard&utm_medium=social&utm_campaign=grow","Pasta & Noodles","N/A"
"Spaghetti all’Assassina aka Assassin’s Spaghetti. – The Pasta Project","https://www.the-pasta-project.com/spaghetti-allassassina-assassins-spaghetti/","Pasta & Noodles","Beans / Legumes"
"Spaghetti Carbonara Recipe - NYT Cooking","https://cooking.nytimes.com/recipes/12965-spaghetti-carbonara","Pasta & Noodles","Beans / Legumes"
"Spaghetti Ice Cream (Spaghettieis) • The Kitchen Maus","https://www.thekitchenmaus.com/spaghetti-ice-cream-spaghettieis/","Ice Cream & Frozen Desserts","N/A"
"Spinach Stuffed Shells Are the Coziest Fall Pasta Dish","https://flip.it/e1sQHn","Pasta & Noodles","Pork"
"Stromboli","https://flip.it/asb7lj","Pasta & Noodles","Beef"
"Stuffed Shells Recipe: You Have Got to Make This Sausage &amp; Spinach Stuffed Shells Recipe With Garlic Cream Sauce (Trust Me) | Pasta | 30Seconds Food","https://30seconds.com/food/tip/18523/Stuffed-Shells-Recipe-You-Have-Got-to-Make-This-Sausage-Spinach-Stuffed-Shells-Recipe-With-Garlic-Cream-Sauce-Trust-Me","Pasta & Noodles","Eggs"
"Super Cheesy Baked Ziti","https://flip.it/cv5Qww","Pasta & Noodles","N/A"
"Tagliatelle Bolognese – The Pasta Project","https://www.the-pasta-project.com/tagliatelle-bolognese/","Pasta & Noodles","Beef"
"Tasting Table Recipe: Pork Milanese And Cacio E Pepe Recipe","https://flip.it/zCVDOm","Pasta & Noodles","Pork"
"These Cannelloni Enchiladas Are the Comfort Mashup We Need","https://flip.it/2q7r0O","Pasta & Noodles","Pork"
"Tortellini alla Panna with Peas and Prosciutto Is the Pasta Recipe We Could Eat Every Single Day","https://flip.it/qBakbA","Pasta & Noodles","Pork"
"Traditional Bucatini all&#39;Amatriciana Recipe","https://flip.it/AspQ26","Pasta & Noodles","Pork"
"""Ultimate Stuffed Shells are a meaty, melty, gooey, cheesy, saucy, inside out dinner revelation""","https://thetakeout.com/recipe-cheesy-stuffed-shells-baked-pasta-sauce-family-d-1841586490","Pasta & Noodles","Beef"
"Why You Should Incorporate Two Sauces When Making Baked Pasta","https://flip.it/KTLLr-","Pasta & Noodles","N/A"
"A Dessert Fit for a Queen: Queen Elizabeth&#39;s Favorite Chocolate Perfection Pie Recipe","https://flip.it/YN_XsH","""Pies, Tarts & Cobblers""","N/A"
"Banana Pudding Pie","https://flip.it/30SN5U","""Pies, Tarts & Cobblers""","N/A"
"Banoffee Pie","https://flip.it/aEDuQ_","""Pies, Tarts & Cobblers""","N/A"
"""Blueberry hand pies are small enough to hold, plenty big for a satisfying dessert""","https://flip.it/gjiZj7","""Pies, Tarts & Cobblers""","Pork"
"Brownie Pie Recipe for a Simple Yet Decadent Treat","https://flip.it/2R93bM","""Pies, Tarts & Cobblers""","N/A"
"Caramel Nut Tart","https://flip.it/M.roa-","""Pies, Tarts & Cobblers""","Beef"
"Cheese Crispies Are Your Next Crowd-Pleaser","https://flip.it/.3rzFt","Appetizers & Snacks","N/A"
"Cheesy Cottage Pie","https://flip.it/F5w7UG","""Pies, Tarts & Cobblers""","Beef"
"Choco pie with marsh meringue","https://www.lorannoils.com/chocolate-pie-with-marshmallow-meringue-r0412","""Pies, Tarts & Cobblers""","N/A"
"Chocolate Pecan Galette","https://flip.it/12UdV4","""Pies, Tarts & Cobblers""","N/A"
"Chocolate Peppermint Cream pie - 365 Days of Baking and More","https://www.365daysofbakingandmore.com/chocolate-peppermint-cream-pie/","""Pies, Tarts & Cobblers""","N/A"
"Creamy No-Bake Turtle Pie Recipe Is Quick &amp; Crazy Good","https://flip.it/7anRD8","""Pies, Tarts & Cobblers""","N/A"
"""Crème Brûlée, Meet Pie — And Live Happily Ever After""","https://flip.it/3aQQr_","""Pies, Tarts & Cobblers""","N/A"
"""Decadent Chocolate Brownie Pie Recipe (No Crust, One Bowl) | Pies | 30Seconds Food""","https://30seconds.com/food/tip/56694/Decadent-Chocolate-Brownie-Pie-Recipe-No-Crust-One-Bowl","""Pies, Tarts & Cobblers""","N/A"
"Delicious Pecan Pie Desserts Just Like Grandma Used to Make - Flipboard","https://flipboard.com/@victoriavito/delicious-pecan-pie-desserts-just-like-grandma-used-to-make-1vc8d09qh2qrp7qd?from=share&utm_source=flipboard&utm_medium=share","""Pies, Tarts & Cobblers""","N/A"
"DELICIOUS PECAN PIE DESSERTS JUST LIKE GRANDMA USED TO MAKE - Flipboard","https://flipboard.com/@victoriavito/delicious-pecan-pie-desserts-just-like-grandma-used-to-make-j2q3dp6v5fr81l7l?from=share&utm_source=flipboard&utm_medium=share","""Pies, Tarts & Cobblers""","N/A"
"Disney Recipe: This Ghiradelli Fudge Pie Recipe Will Leave You Dreaming of Chocolate - AllEars.Net","https://flip.it/uSjio4","""Pies, Tarts & Cobblers""","N/A"
"Double Chocolate Derby Pie Recipe","https://flip.it/nAY2kr","""Pies, Tarts & Cobblers""","N/A"
"Double Chocolate Pecan Pie","https://flip.it/AlH-CH","""Pies, Tarts & Cobblers""","N/A"
"Easy Carne Asada Steak Bowl Recipe Is a Mexican Food Masterpiece","https://flip.it/JkNfa1","""Pies, Tarts & Cobblers""","Beef"
"Favorite Chicken Potpie Recipe | Taste of Home","https://www.tasteofhome.com/recipes/favorite-chicken-potpie/","""Pies, Tarts & Cobblers""","Chicken"
"Fudgy Chocolate Chip Pecan Pie Brownies Recipe","https://www.mashed.com/1479300/fudgy-chocolate-chip-pecan-pie-brownies-recipe/","""Pies, Tarts & Cobblers""","N/A"
"Gooey dark chocolate tassies combine the best of brownies and pie","https://flip.it/Xrhi4x","""Pies, Tarts & Cobblers""","N/A"
"Homemade Buttery Flaky Pie Crust | Sally&#39;s Baking Addiction","https://sallysbakingaddiction.com/baking-basics-homemade-buttery-flaky-pie-crust/","""Pies, Tarts & Cobblers""","N/A"
"Homemade Coconut Cream Pie - Sally&#39;s Baking Addiction","https://sallysbakingaddiction.com/coconut-cream-pie/","""Pies, Tarts & Cobblers""","N/A"
"Hot &amp; Cold Fudge Pie Recipe","https://foodcontessa.com/hot-cold-fudge-pie-recipe9/","""Pies, Tarts & Cobblers""","N/A"
"How to Blind Bake Pie Crust | Sally&#39;s Baking Addiction","https://sallysbakingaddiction.com/how-to-blind-bake-pie-crust/","""Pies, Tarts & Cobblers""","N/A"
"How to Make a Lemon Icing Glaze | The Kitchen Magpie","https://www.thekitchenmagpie.com/how-to-make-a-lemon-icing-glaze/","Cakes & Cheesecakes","N/A"
"How to replicate Firestone Country Club’s beloved Crunchy Cream Pie at home","https://flip.it/aitRVT","""Pies, Tarts & Cobblers""","N/A"
"I Tried Joanna Gaines&#39; Favorite Chocolate Pie Recipe And It Was Ridiculously Good","https://flip.it/hnw4XB","""Pies, Tarts & Cobblers""","N/A"
"Maple Syrup Pie (The Best) | Ricardo","https://www.ricardocuisine.com/en/recipes/7437-maple-syrup-pie-the-best","""Pies, Tarts & Cobblers""","Plant-Based"
"Old Fashioned Maple Pecan Pie | Little House Big Alaska","https://littlehousebigalaska.com/2021/10/pecan-pie-maple.html","""Pies, Tarts & Cobblers""","Plant-Based"
"Old-Fashioned Pecan Pie","https://www.epicurious.com/recipes/food/views/old-fashioned-pecan-pie-356072","""Pies, Tarts & Cobblers""","N/A"
"Pecan Caramel French Silk Pie","https://flip.it/ThuYTB","""Pies, Tarts & Cobblers""","N/A"
"Pecan Caramel French Silk Pie Recipe","https://flip.it/V0TjPu","""Pies, Tarts & Cobblers""","N/A"
"Pecan Pie Pinwheels","https://flip.it/wwPv6n","""Pies, Tarts & Cobblers""","N/A"
"Rachel Schultz: How to Bake a Big Apple Pie in a 9x13 pan","https://rachelschultz.com/2016/10/10/how-to-bake-a-big-apple-pie-in-a-9-13-pan/","""Pies, Tarts & Cobblers""","Eggs"
"""Reese&#39;s 3-Pound Peanut Butter Cup Pie Sold Out in Hours, so I Made My Own — Here&#39;s How""","https://flip.it/K-jji6","""Pies, Tarts & Cobblers""","N/A"
"Southern Chocolate Cobbler Recipe (Under 1 Hour)","https://www.simplyrecipes.com/southern-chocolate-cobbler-recipe-8728412?utm_source=flipboard&utm_content=topic/dessert","""Pies, Tarts & Cobblers""","N/A"
"Southern Chocolate Cobbler Recipe Is Like a Bowl of Chocolate Lava (6 Ingredients) | Desserts | 30Seconds Food","https://30seconds.com/food/tip/41676/Southern-Chocolate-Cobbler-Recipe-Is-Like-a-Bowl-of-Chocolate-Lava-6-Ingredients?utm_source=flipboard&utm_content=30Secondscom/magazine/30Seconds.com","""Pies, Tarts & Cobblers""","Eggs"
"Take It from Someone Who Normally Doesn&#39;t Love Pie—These Pecan Pie Bars are Dangerously Good","https://flip.it/qyN-OU","""Pies, Tarts & Cobblers""","N/A"
"Tasting Table Recipe: Flaky Pie Crust Recipe","https://flip.it/H9BQ0Y","""Pies, Tarts & Cobblers""","N/A"
"""The best buttery crumble recipe for topping apple, rhubarb or berries - Surrey Live""","https://www.getsurrey.co.uk/whats-on/food-drink-news/best-buttery-crumble-recipe-topping-20555996","""Pies, Tarts & Cobblers""","N/A"
"The BEST Rice Krispie Treats Recipe - Shugary Sweets","https://www.shugarysweets.com/perfect-rice-krispie-treats/","""Pies, Tarts & Cobblers""","N/A"
"""This Chocolate Peanut Butter Banana Ice Cream Pie Recipe Is So Good, You Won&#39;t Believe It&#39;s Vegan""","https://flip.it/vh_0UZ","""Pies, Tarts & Cobblers""","N/A"
"This Is the Crispiest Fried Fish You&#39;ll Ever Eat | Food &amp; Wine","https://www.foodandwine.com/cooking-techniques/crispy-fried-fish","""Pies, Tarts & Cobblers""","Fish (White)"
"This Pecan Pie Dessert Cups Recipe Is Even Better Than Pecan Pie (Seriously)","https://flip.it/n551Sr","""Pies, Tarts & Cobblers""","N/A"
"A Breathtaking Chocolate Custard Topped With a Berry Bounty","https://flip.it/wlqskb","Puddings & Custards","N/A"
"Creamy Frozen Vanilla Custard Recipe Is a Dreamy Summer Dessert","https://flip.it/jJ4oe7","Puddings & Custards","N/A"
"How to Make Magnolia Bakery’s World-Famous Banana Pudding Recipe at Home - Eater","https://www.eater.com/21449002/world-famous-magnolia-bakery-banana-pudding-recipe","Puddings & Custards","N/A"
"I Made Julia Child’s Chocolate Mousse Recipe and It Was Mind-Blowing","https://flip.it/7r3RHf","Puddings & Custards","N/A"
"Italian Cold Lemon Cream","https://flip.it/ddFjfK","Puddings & Custards","N/A"
"Mont-Blanc Recipe | Epicurious","https://www.epicurious.com/recipes/food/views/mont-blanc","Puddings & Custards","Pork"
"Not Yo Mama&#39;s Banana Pudding Recipe","https://www.pauladeen.com/recipe/not-yo-mamas-banana-pudding/","Puddings & Custards","N/A"
"Red Velvet Banana Pudding","https://flip.it/dxJ5wO","Puddings & Custards","N/A"
"Ultimate Chocolate Pots de Crème","https://gordonramsayclub.com/ultimate-chocolate-pots-de-creme8/","Puddings & Custards","N/A"
"Ultimate Chocolate Pots de Crème","https://flip.it/JGTxGk","Puddings & Custards","N/A"
"15 Ways To Boost The Flavor Of Chicken Salad","https://flip.it/jlgKD_","Salads","Chicken"
"""20-Minute Creamy Bacon, Cheese &amp; Peas Pasta Salad Recipe: Minimal Ingredients, Maximum Flavor""","https://flip.it/k1eZb_","Salads","Pork"
"Bacon Ranch Crack Pasta Salad - The Happier Homemaker","https://thehappierhomemaker.com/bacon-ranch-crack-pasta-salad/","Salads","Eggs"
"Baked Potato Salad Recipe - Tastes Better From Scratch","https://tastesbetterfromscratch.com/baked-potato-salad/","Salads","N/A"
"Blackened Tequila Shrimp Tacos With Cilantro Agave Slaw","https://flip.it/si3wM6","Salads","Shrimp"
"Chorizo-Spiced Pulled Pork With Mexican Street Corn Slaw Recipe","https://www.seriouseats.com/mexican-chorizo-pulled-pork-corn-slaw-recipe","Salads","Eggs"
"Classic Waldorf Salad - Crunchy Creamy Sweet","https://www.crunchycreamysweet.com/waldorf-salad/","Salads","N/A"
"Cowboy Chicken Salad Recipe (So Delicious) | The Kitchn","https://www.thekitchn.com/cowboy-chicken-salad-recipe-23717114?utm_source=flipboard&utm_medium=social&utm_campaign=Category/Channel:+collection/dinner","Salads","Chicken"
"Creamy Chipotle Ranch Salad Dressing Recipe Is So Versatile","https://flip.it/pGCIEt","Salads","N/A"
"""Creamy Ranch Pasta Salad Recipe With Bacon, Cheese &amp; Peas""","https://flip.it/Ku5JaS","Salads","Pork"
"Creamy Roasted Garlic &amp; Lemon Salad Dressing Recipe Is Heavenly","https://flip.it/zCbY1L","Salads","N/A"
"Deviled Egg Pasta Salad Recipe: This Is the Best Pasta Salad Recipe for Football Parties &amp; Tailgating","https://flip.it/nsrJVV","Salads","Eggs"
"Deviled Egg Pasta Salad Recipe: This Is the Pasta Salad Recipe to Take to Potlucks &amp; Cookouts | Side Dishes | 30Seconds Food","https://30seconds.com/food/tip/27623/Deviled-Egg-Pasta-Salad-Recipe-This-Is-the-Pasta-Salad-Recipe-to-Take-to-Potlucks-Cookouts","Salads","Pork"
"Grape Salad Copycat Recipe: This Creamy Fruit Salad Recipe Is Kind of Famous | Fruit | 30Seconds Food","https://flip.it/RKzY-J","Salads","N/A"
"How to Make Macaroni Salad","https://flip.it/oKFOm6","Salads","N/A"
"How to Make Mexican Street Corn Salad (Esquites)","https://flip.it/bQw1Eb","Salads","N/A"
"Kardea Brown’s Lowcountry Seafood Salad","https://flip.it/aMijUu","Salads","Beef"
"Loaded Baked Potato Salad Recipe | Taste of Home","https://www.tasteofhome.com/recipes/loaded-baked-potato-salad/","Salads","Beef"
"""Mexican Street Corn Salad Recipe: This Creamy Elote Salad Recipe Is a Fresh, Flavorful Side Dish""","https://flip.it/yhWXAO","Salads","N/A"
"Mouthwatering Cornbread Salad Recipe With Beans &amp; Bacon: Meet Your New Favorite Summer Salad","https://flip.it/NtnG03","Salads","Pork"
"Old Fashioned German Potato Salad","https://thestayathomechef.com/german-potato-salad/","Salads","Pork"
"Green Enchilada sauce","https://www.gimmesomeoven.com/green-enchilada-sauce/","Condiments & Sauces","N/A"
"12 Mistakes Everyone Makes With Philly Cheesesteaks","https://www.tastingtable.com/1471010/mistakes-making-philly-cheesesteak/","Cakes & Cheesecakes","N/A"
"""15 Types Of Tacos, Explained""","https://flip.it/NSCJOP","Collections & Roundups","Beef"
"""25 Essential Tacos, Explained""","https://flip.it/Yyhjmm","Collections & Roundups","Beef"
"Actually Juicy Turkey Burger Recipe - Tasting Table","https://flip.it/1-6rb5","""Sandwiches, Wraps & Tacos""","Turkey"
"Apple Cider Donut Bundt Cake","https://flip.it/3HG2I_","""Sandwiches, Wraps & Tacos""","N/A"
"Apple Cider Donut Bundt Cake Recipe","https://www.tastingtable.com/1452671/apple-cider-donut-bundt-cake-recipe/","""Sandwiches, Wraps & Tacos""","N/A"
"""Bacon, Egg, and Cheese Enchiladas""","https://flip.it/9Zs4x4","""Sandwiches, Wraps & Tacos""","Pork"
"Baked Kentucky Hot Brown Sandwich Recipe Is From the 1920s","https://flip.it/nOzhGA","""Sandwiches, Wraps & Tacos""","Beef"
"Bean &amp; Cheese Taquitos","https://flip.it/bulnxM","""Sandwiches, Wraps & Tacos""","Beans / Legumes"
"Beef And Cornbread Tamale Pie Recipe","https://flip.it/.jecar","""Sandwiches, Wraps & Tacos""","Beef"
"Bennigans Monte Cristo Sandwich Recipe - Deep-fried.Food.com","https://www.food.com/recipe/bennigans-monte-cristo-sandwich-26049","""Sandwiches, Wraps & Tacos""","Pork"
"Best Chicken Tamale Pie - How to Make Chicken Tamale Pie","https://www.delish.com/cooking/recipe-ideas/recipes/a50031/chicken-tamale-pie-recipe/?utm_source=google&utm_medium=cpc&utm_campaign=mgu_ga_del_md_pmx_hybd_mix_us_18345007169&gad_source=1&gclid=EAIaIQobChMImrKL9-LmhwMVASrUAR03AxtoEAAYASAAEgKDB_D_BwE","""Sandwiches, Wraps & Tacos""","Chicken"
"Best Taco Casserole Recipe: Easy Ground Beef Casserole Recipe Is Tried &amp; True","https://flip.it/6ntK29","""Sandwiches, Wraps & Tacos""","Beef"
"Birria de Pollo (Chicken Birria) Tacos","https://flip.it/9GvRYf","""Sandwiches, Wraps & Tacos""","Chicken"
"Braised pork quesadillas that are better than takeout from chef Pati Jinich","https://flip.it/DUhKkK","""Sandwiches, Wraps & Tacos""","Pork"
"Cast Iron Pressed Pizza Sandwiches | Kitchn","https://www.thekitchn.com/cast-iron-pressed-pizza-sandwich-recipe-23076619","""Sandwiches, Wraps & Tacos""","Beef"
"Cheese Enchiladas Recipe - Chowhound","http://www.chowhound.com/recipes/cheesy-enchiladas-11370","""Sandwiches, Wraps & Tacos""","N/A"
"Cheese enchiladas: the essence of Tex-Mex | Homesick Texan","https://www.homesicktexan.com/2007/01/essence-of-tex-mex.html","""Sandwiches, Wraps & Tacos""","Beef"
"Cheeseburger Bombs","https://flip.it/Ue7rb-","""Sandwiches, Wraps & Tacos""","Beef"
"Cheesy Pulled Chicken &amp; Green Chile Quesadillas","https://flip.it/DwToXl","""Sandwiches, Wraps & Tacos""","Chicken"
"Chicken and Beef Fajitas Recipe | Ree Drummond | Food Network","https://www.foodnetwork.com/recipes/ree-drummond/chicken-and-beef-fajitas-2239321","""Sandwiches, Wraps & Tacos""","Crab / Crawfish"
"Chilaquiles | Saveur","https://www.saveur.com/article/Recipes/Chilaquiles/","""Sandwiches, Wraps & Tacos""","Pork"
"Chocolate-Soaked Chocolate Bundt Cake Recipe: Is This Cake Really Driving the World Crazy?","https://flip.it/NU4-tL","Cakes & Cheesecakes","N/A"
"Chuck Roast &quot;Barbacoa&quot; Recipe Is a Tasty Budget Slow Cooker Mexican Dinner | Mexican Recipes | 30Seconds Food","https://30seconds.com/food/tip/22904/Chuck-Roast-Barbacoa-Recipe-Is-a-Tasty-Budget-Slow-Cooker-Mexican-Dinner?utm_source=flipboard&utm_content=30Secondscom/magazine/30Seconds.com","Main Dishes","Beef"
"Classic Homemade Chilaquiles Rojos Recipe","https://www.tastingtable.com/1700331/homemade-chilaquiles-rojos-recipe/?zsource=flipboard","Breakfast & Brunch","Pork"
"Crispy Pork Carnitas (Mexican Slow Cooked Pulled Pork) - Cafe Delites","https://cafedelites.com/pork-carnitas-mexican-slow-cooked-pulled-pork/","Main Dishes","N/A"
"Cuban Sandwiches Recipe | Serious Eats","https://www.seriouseats.com/recipes/2016/07/cuban-sandwich-recipe.html","""Sandwiches, Wraps & Tacos""","Pork"
"Dutch Oven Beef Birria Tacos","https://flip.it/O463fT","""Sandwiches, Wraps & Tacos""","Beef"
"Döner Kebab (German Gyros) Recipe: Home Cooks Can Make This Easy Chicken Döner Kebab Sandwich Recipe | Sandwiches | 30Seconds Food","https://30seconds.com/food/tip/22817/Doner-Kebab-German-Gyros-Recipe-Home-Cooks-Can-Make-This-Easy-Chicken-Doner-Kebab-Sandwich-Recipe","""Sandwiches, Wraps & Tacos""","Chicken"
"Easy Chicken Flautas Recipe: This Baked Chicken Flautas Recipe Will Make Your Guac Happy | Poultry | 30Seconds Food","https://30seconds.com/food/tip/21264/Easy-Chicken-Flautas-Recipe-This-Baked-Chicken-Flautas-Recipe-Will-Make-Your-Guac-Happy","""Sandwiches, Wraps & Tacos""","Chicken"
"Easy Gluten-Free Hamburger Buns - Only Gluten Free Recipes","https://onlyglutenfreerecipes.com/recipe-items/easy-gluten-free-hamburger-buns/","Breads & Flatbreads","N/A"
"Eitan Bernath&#39;s Croque Monsieur Tuna Melt Recipe - Exclusive","https://flip.it/_kkvfT","""Sandwiches, Wraps & Tacos""","Fish (White)"
"Enchiladas Con Carne Recipe - NYT Cooking","https://cooking.nytimes.com/recipes/1018152-enchiladas-con-carne","Main Dishes","Beef"
"Funfetti Bundt Cake | Bunsen Burner Bakery","https://www.bunsenburnerbakery.com/funfetti-bundt-cake/","Cakes & Cheesecakes","N/A"
"Garlic Hot Cross Buns","https://flip.it/cD2Jl3","Breads & Flatbreads","N/A"
"Gluten Free White Sandwich Bread | The Easiest And Best Yeast Bread","https://glutenfreeonashoestring.com/gluten-free-white-sandwich-bread/","Breads & Flatbreads","N/A"
"Homemade Buttermilk Sandwich Bread - Step by Step - Restless Chipotle","https://www.restlesschipotle.com/buttermilk-bread/","Breads & Flatbreads","N/A"
"Homemade Crunchwrap™ Supreme Recipe: Make This Easy Taco Bell Copycat Recipe at Home","https://flip.it/UE1w_t","Breakfast & Brunch","N/A"
"How to make GAIL&#39;s sweet cinnamon buns at home","https://www.stylist.co.uk/food-drink/gails-cinnamon-bun-recipe/428395","Breakfast & Brunch","N/A"
"How to Make Sheet Pan Cuban Sandwiches - Video | MyRecipes","https://www.myrecipes.com/well-done/how-to-make-sheet-pan-cuban-sandwiches","""Sandwiches, Wraps & Tacos""","Crab / Crawfish"
"I Swear by This Copycat Popeyes Chicken Sandwich Recipe | Lifehacker","https://lifehacker.com/food-drink/copycat-popeyes-chicken-sandwich-recipe","""Sandwiches, Wraps & Tacos""","Chicken"
"Janelle Ginestra Shares Her Grandma&#39;s Recipe for Enchilada Pie","https://flip.it/XTYMWE","""Sandwiches, Wraps & Tacos""","Beef"
"John Markus’ World Famous Philly Cheesesteak","https://flip.it/BNqqpd","""Sandwiches, Wraps & Tacos""","Beef"
"Loaded Chilaquiles","https://flip.it/t3L4c7","Breakfast & Brunch","Pork"
"Mind-Blowing Birria Recipe: The Beef Birria Recipe Everyone Is Talking About","https://flip.it/c3Pyjp","""Sandwiches, Wraps & Tacos""","Beef"
"Mom&#39;s Meatball Subs Recipe: The Italian Sandwich That Took 10 Years to Perfect | Sandwiches | 30Seconds Food","https://30seconds.com/food/tip/62815/Moms-Meatball-Subs-Recipe-The-Italian-Sandwich-That-Took-10-Years-to-Perfect","""Sandwiches, Wraps & Tacos""","Beef"
"Mouth-watering Birria Tacos Recipe in Creamy Adobo Sauce Is Mind Blowing","https://flip.it/QMijKT","""Sandwiches, Wraps & Tacos""","Beef"
"Mozzarella in Carrozza Recipe: This Fried Mozzarella Sandwich Recipe Is an Italian Favorite","https://flip.it/uY.RWa","""Sandwiches, Wraps & Tacos""","N/A"
"My Love for Birria Tacos Knows No Limits. Here’s My Go-to Recipe.","https://flip.it/IW-rI3","""Sandwiches, Wraps & Tacos""","Beef"
"Oaxacan Grilled Pork Fajitas Recipe - Food Republic","https://www.foodrepublic.com/recipes/oaxacan-grilled-pork-fajitas-recipe/","""Sandwiches, Wraps & Tacos""","Pork"
"Pecan Pie Bundt Cake","https://flip.it/D4QZPy","""Sandwiches, Wraps & Tacos""","N/A"
"Philly Cheesesteak Mac Recipe","https://flip.it/tBlYSx","""Sandwiches, Wraps & Tacos""","Beef"
"Pulled Pork Bao Buns","https://flip.it/3K6tKt","""Sandwiches, Wraps & Tacos""","Pork"
"Quesabirria Tacos | Cook&#39;s Country Recipe","https://www.americastestkitchen.com/cookscountry/recipes/15407-quesabirria-tacos","""Sandwiches, Wraps & Tacos""","Beef"
"Recipes: Enchiladas and Red and Green Chile Sauces","https://flip.it/IaMeSZ","Main Dishes","Beef"
"Salted Honey Butter Cornbread Brioche Burger Buns. - Half Baked Harvest","https://www.halfbakedharvest.com/salted-honey-butter-cornbread-brioche-burger-buns/","Breads & Flatbreads","N/A"
"Shredded Chicken Tacos Recipe - Little Sunny Kitchen","https://littlesunnykitchen.com/shredded-chicken-tacos/","""Sandwiches, Wraps & Tacos""","Chicken"
"Shrimp Tacos with Creamy Sriracha Sauce - A Food Lover&#39;s Kitchen","https://flip.it/3lmxPt","""Sandwiches, Wraps & Tacos""","Shrimp"
"Simply Sandwich Bread (Recipe + Video) - Sally&#39;s Baking Addiction","https://sallysbakingaddiction.com/sandwich-bread/","Breads & Flatbreads","N/A"
"Slow Cooker Birria De Res Tacos Recipe","https://flip.it/DULTDg","""Sandwiches, Wraps & Tacos""","Beef"
"Slow Cooker Birria Recipe","https://flip.it/sLILhM","""Sandwiches, Wraps & Tacos""","Beef"
"Sock it to me bundt","https://grandbaby-cakes.com/sock-it-to-me-cake/","Cakes & Cheesecakes","N/A"
"Soft Gluten Free Sandwich Bread Recipe that&#39;s Easy to Make!","https://alittleinsanity.com/soft-gluten-free-sandwich-bread-recipe/","Breads & Flatbreads","N/A"
"Soft Whole Wheat Bread- perfect for sandwiches -Baking a Moment","https://bakingamoment.com/soft-whole-wheat-bread/","Breads & Flatbreads","N/A"
"Sour cream chicken enchiladas recipe | Homesick Texan","https://www.homesicktexan.com/2009/10/sour-cream-chicken-enchiladas-recipe.html","""Sandwiches, Wraps & Tacos""","Pork"
"Sour cream chicken enchiladas recipe | Homesick Texan","https://www.homesicktexan.com/sour-cream-chicken-enchiladas-recipe/","Main Dishes","Chicken"
"Southern Buttermilk Chocolate Bundt Cake Recipe Is a Trip to Chocolate Heaven | Cakes/Cupcakes | 30Seconds Food","https://30seconds.com/food/tip/67376/Southern-Buttermilk-Chocolate-Bundt-Cake-Recipe-Is-a-Trip-to-Chocolate-Heaven","Cakes & Cheesecakes","N/A"
"""Sticky Toffee Sticky Buns are a big, distracting project—and that’s exactly the point""","https://flip.it/Krd3Yr","Breakfast & Brunch","N/A"
"Tamales De Rajas Recipe","https://flip.it/DDW.eV","Main Dishes","N/A"
"Tex-Mex Enchiladas","https://www.modernhoney.com/chile-con-carne-enchiladas/","Main Dishes","Beef"
"The Best White Sandwich Bread | Mel&#39;s Kitchen Cafe","https://www.melskitchencafe.com/perfect-white-sandwich-bread/","Breads & Flatbreads","N/A"
"The birria taco sensation is sweeping Tulsa. Try these and make your own | Food &amp; Cooking | tulsaworld.com","https://tulsaworld.com/lifestyles/food-and-cooking/the-birria-taco-sensation-is-sweeping-tulsa-try-these-and-make-your-own/article_16435be4-97f0-11eb-91d2-cbd7bb0453ff.html","""Sandwiches, Wraps & Tacos""","Beef"
"The Cake So Good One Reviewer Made It 4 Times in 7 Days","https://www.allrecipes.com/best-bundt-cake-ingredient-7-up-8656032","Cakes & Cheesecakes","N/A"
"The Croque Monsieur Everyone Gets Wrong — How To Make France’s Ultimate Comfort Sandwich The Right Way","https://www.gamintraveler.com/2025/08/31/how-to-make-croque-monsieur/?utm_source=flipboard&utm_content=food/magazine/The+Recipe+Exchange","""Sandwiches, Wraps & Tacos""","Pork"
"The Sandwich Scandal at the Heart of the World’s Greatest Golfing Event - Gastro Obscura","https://www.atlasobscura.com/articles/masters-pimento-cheese-sandwich","""Sandwiches, Wraps & Tacos""","N/A"
"This Crispy Pork Carnitas Recipe Is What to Cook This Week","https://flip.it/jYrGz8","""Sandwiches, Wraps & Tacos""","Salmon"
"Traditional Carnitas (Mexican Pork Confit) -","https://stellanspice.com/traditional-carnitas/","Main Dishes","Pork"
"4-Ingredient Garlic Butter Roasted Chicken Recipe Is Culinary Magic","https://flip.it/PtiAN8","Main Dishes","Chicken"
"7 Lemon Potato Side Dishes to Complete Your Meal | Allrecipes","https://www.allrecipes.com/gallery/lemon-potato-side-dishes/","Collections & Roundups","N/A"
"Air-Fryer French Fries | America&#39;s Test Kitchen","https://flip.it/e7o5yd","Side Dishes & Vegetables","N/A"
"Amish Parmesan Potato Wedges Recipe: Battered &amp; Baked French Fries | Amish Recipes | 30Seconds Food","https://30seconds.com/food/tip/62213/Amish-Parmesan-Potato-Wedges-Recipe-Battered-Baked-French-Fries","Side Dishes & Vegetables","N/A"
"Asparagus Casserole Recipe | Trisha Yearwood | Food Network","https://www.foodnetwork.com/recipes/trisha-yearwood/asparagus-casserole-2260614","Side Dishes & Vegetables","N/A"
"Bacon Cottage Fries Recipe: This German Bratkartoffeln Fried Potatoes Recipe Is Made In Bacon-Lovers Heaven","https://flip.it/8YxVZ3","Side Dishes & Vegetables","Pork"
"Best Air Fryer Potatoes Recipe - How To Make Potatoes In An Air Fryer","https://www.delish.com/cooking/recipe-ideas/a28414561/air-fryer-potatoes-recipe/","Collections & Roundups","N/A"
"Best Mac &amp; Cheese Recipe: This Garlic Parmesan Macaroni &amp; Cheese Recipe Is Worth the Garlic Breath","https://flip.it/0kmJtH","Side Dishes & Vegetables","N/A"
"Brazilian Churrasco Steakhouse Mashed Potato Recipe Is Outrageously Delicious","https://flip.it/fIM9yY","Side Dishes & Vegetables","N/A"
"""Broccoli Cheese Patties Recipe: Crisp On the Outside, Moist &amp; Cheesy On the Inside | Side Dishes | 30Seconds Food""","https://30seconds.com/food/tip/70648/Broccoli-Cheese-Patties-Recipe-Crisp-On-the-Outside-Moist-Cheesy-On-the-Inside","Side Dishes & Vegetables","N/A"
"Bulgarian Baked Potatoes &amp; Onions Recipe (Patatnik) With a Refreshing Secret Ingredient | European Recipes | 30Seconds Food","https://30seconds.com/food/tip/37223/Bulgarian-Baked-Potatoes-Onions-Recipe-Patatnik-With-a-Refreshing-Secret-Ingredient","Side Dishes & Vegetables","N/A"
"Buttery Potato Stacks Recipe","https://flip.it/IFK700","Side Dishes & Vegetables","N/A"
"Carrot cake cookies","https://www.thekitchn.com/carrot-cake-oatmeal-cookies-recipe-23104022","Cookies","N/A"
"Cheese &amp; Herb Potato Fans Recipe | Taste of Home","https://www.tasteofhome.com/recipes/cheese-herb-potato-fans/","Side Dishes & Vegetables","N/A"
"Cheesy Corn and Potato Croquettes Are a One-Bite Wonder","https://flip.it/ps91EE","Side Dishes & Vegetables","N/A"
"Cheesy Funeral Potatoes Casserole Recipe Will Make You Happy (Despite the Name) | Casseroles | 30Seconds Food","https://30seconds.com/food/tip/30079/Cheesy-Funeral-Potatoes-Casserole-Recipe-Will-Make-You-Happy-Despite-the-Name","Side Dishes & Vegetables","N/A"
"Cheesy Garlic &amp; Herb Potato Casserole Recipe: A Side Dish for Any Time of the Year","https://flip.it/sX3-7q","Side Dishes & Vegetables","N/A"
"Cheesy Skillet Domino Potatoes Will Steal the Show at Your Holiday Feast","https://flip.it/NkEEim","Side Dishes & Vegetables","N/A"
"Classic Creamed Spinach Recipe","https://flip.it/mu6yxa","Side Dishes & Vegetables","N/A"
"Country Steakhouse Green Beans Recipe: An Out-of-This-World Southern Side Dish | Side Dishes | 30Seconds Food","https://30seconds.com/food/tip/61831/Country-Steakhouse-Green-Beans-Recipe-An-Out-of-This-World-Southern-Side-Dish","Side Dishes & Vegetables","N/A"
"Crack Green Beans Recipe: Delicious 20-Minute Green Beans With Bacon &amp; Caramelized Onions","https://flip.it/p63YLJ","Side Dishes & Vegetables","N/A"
"Crazy Good Carrot Cake Muffins Recipe: These Moist Muffins Are Loaded With Delish Ingredients","https://flip.it/4yZo1-","Muffins","N/A"
"Creamy Chicken with Potatoes and Chorizo Is My Definition of a Perfect Meal","https://flip.it/57Gksd","Main Dishes","N/A"
"Creamy Garlic Parmesan Macaroni &amp; Cheese Recipe Will Steal the Show (35 Minutes) | Side Dishes | 30Seconds Food","https://30seconds.com/food/tip/16189/Creamy-Garlic-Parmesan-Macaroni-Cheese-Recipe-Will-Steal-the-Show-35-Minutes?utm_source=flipboard&utm_content=30Secondscom/magazine/30Seconds.com","Side Dishes & Vegetables","N/A"
"Creamy Mac and Cheese | Kitchn","https://www.thekitchn.com/creamy-mac-and-cheese-22943647","Side Dishes & Vegetables","N/A"
"Creamy Poblano Rice Casserole Recipe: This Side Dish Will Leave You Speechless","https://flip.it/cp6vj3","Side Dishes & Vegetables","N/A"
"Crispy Shredded Potato Cakes Recipe Is an Irresistible Side Dish | Side Dishes | 30Seconds Food","https://30seconds.com/food/tip/66807/Crispy-Shredded-Potato-Cakes-Recipe-Is-an-Irresistible-Side-Dish","Side Dishes & Vegetables","N/A"
"Dad&#39;s Creamy &amp; Cheesy Au Gratin Potatoes | Ambitious Kitchen","https://www.ambitiouskitchen.com/au-gratin-potatoes/","Side Dishes & Vegetables","N/A"
"Dirty Rice Recipe: This Down &amp; Dirty Cajun Rice Recipe Would Make Louisiana Proud | Side Dishes | 30Seconds Food","https://30seconds.com/food/tip/20318/Dirty-Rice-Recipe-This-Down-Dirty-Cajun-Rice-Recipe-Would-Make-Louisiana-Proud","Side Dishes & Vegetables","N/A"
"Easy Crispy Parmesan Potato Stacks Recipe Is Worth Bragging About","https://flip.it/m29vzb","Side Dishes & Vegetables","N/A"
"Easy Fondant Potatoes Recipe","https://www.tastingtable.com/646759/easy-fondant-potatoes-recipe/","Side Dishes & Vegetables","N/A"
"Easy Gut-Healthy Melting Potatoes Recipe | Well+Good","https://www.wellandgood.com/melting-potatoes-recipe/","Side Dishes & Vegetables","N/A"
"Easy Home Fries - Spend With Pennies","https://www.spendwithpennies.com/easy-home-fries/","Side Dishes & Vegetables","N/A"
"""Easy Japanese Potato Croquettes (Korokke) Recipe: Enjoy Soft Flaky Potatoes, Ground Beef, and a Tangy Sauce! (Video) | LIVE JAPAN travel guide""","https://flip.it/6Akc1y","Side Dishes & Vegetables","N/A"
"""Easy Loaded Mashed Potato Casserole Recipe Is Like a Twice-Baked Potato, But Better""","https://flip.it/-Lj_ns","Side Dishes & Vegetables","N/A"
"Easy Patatnik Recipe: This Bulgarian Potato Recipe Has a Surprising (and Refreshing!) Ingredient","https://flip.it/aN0-X7","Side Dishes & Vegetables","N/A"
"Fajita Vegetables - Cooking Made Healthy","https://cookingmadehealthy.com/fajita-vegetables/","Side Dishes & Vegetables","N/A"
"Famous Steakhouse Potatoes Romanoff Recipe: What Happened in Vegas Didn&#39;t Stay in Vegas","https://flip.it/t7-sQe","Side Dishes & Vegetables","N/A"
"Fluffy Mashed Potato Cakes Are the Best Way to Eat Leftover Mashed Potatoes","https://flip.it/v53_YG","Side Dishes & Vegetables","N/A"
"""For A More Elevated Take On Scalloped Potatoes, Try The Pavé Method""","https://www.tastingtable.com/1395499/elevated-scalloped-potatoes-pave-method/","Side Dishes & Vegetables","N/A"
"""For the Best Roasted Potatoes of Your Life, Cook Them “Cowboy” Style""","https://www.aol.com/best-roasted-potatoes-life-cook-190000351.html?utm_source=flipboard&utm_content=topic/recipes","Side Dishes & Vegetables","N/A"
"French fries","https://flip.it/QgMDrt","Side Dishes & Vegetables","N/A"
"Garlicky Potato Galette Recipe","https://www.eatingwell.com/garlicky-potato-galette-8351139","Side Dishes & Vegetables","N/A"
"Gluten-Free Carrot Cake {Dairy-Free Option} - Mama Knows Gluten Free","https://www.mamaknowsglutenfree.com/gluten-free-carrot-cake/","Cakes & Cheesecakes","N/A"
"Green Chile Mac And Cheese With Chicken","https://flip.it/6t_OWf","Main Dishes","Chicken"
"Hasselback Potatoes Recipe With Béchamel Sauce: The Best Thanksgiving Side Dishes","https://flip.it/3S-LVX","Side Dishes & Vegetables","N/A"
"Healthy Granola Recipe - Cookie and Kate","https://cookieandkate.com/healthy-granola-recipe/","Breakfast & Brunch","N/A"
"Herbed Potato Stacks Recipe","https://www.southernliving.com/recipes/herbed-potato-stacks-recipe","Side Dishes & Vegetables","N/A"
"Here&#39;s how to make the best mashed potatoes of your life","https://flip.it/eBZHt1","Side Dishes & Vegetables","N/A"
"Homemade BBQ Potato Chips Recipe: Bake or Fry These Crispy Barbecue Potato Chips","https://flip.it/FbFAOq","Side Dishes & Vegetables","N/A"
"Homemade Mac and Cheese Casserole {+Video} - Spend With Pennies","https://www.spendwithpennies.com/creamy-macaroni-and-cheese-casserole/","Side Dishes & Vegetables","Beef"
"Honey Balsamic-Glazed Roasted Carrots Recipe Makes Everyone Happy","https://flip.it/rJhx7J","Side Dishes & Vegetables","N/A"
"How to Make Baked Beans the New Star of Your Summer Cookouts","https://flip.it/phkD-d","Side Dishes & Vegetables","N/A"
"How to Make THE BEST Grilled Asparagus - foodiecrush .com","https://www.foodiecrush.com/grilled-asparagus/","Side Dishes & Vegetables","N/A"
"I Tried EatingWell&#39;s Baked Parmesan Zucchini Curly Fries | Kitchn","https://www.thekitchn.com/eatingwell-baked-parmesan-zucchini-curly-fries-23159047?utm_source=RSS&utm_medium=feed&utm_campaign=Category/Channel:+collection/recipe-review","Side Dishes & Vegetables","Chicken"
"""I Tried Making Australian Potato Scallops, and My Family Has Never Devoured Anything So Fast""","https://flip.it/o2I86T","Side Dishes & Vegetables","N/A"
"""I Tried This Wildly Simple Recipe for 4-Ingredient Potato Cheese Sticks and They’re So Good, I Ate the Full Batch""","https://flip.it/sqWfmL","Side Dishes & Vegetables","Beef"
"Incredible Baked Cream Corn Recipe: This Creamy Corn Recipe With Parmesan-Reggiano Is Over-the-Top Good | Side Dishes | 30Seconds Food","https://30seconds.com/food/tip/29713/Incredible-Baked-Cream-Corn-Recipe-This-Creamy-Corn-Recipe-With-Parmesan-Reggiano-Is-Over-the-Top-Good","Side Dishes & Vegetables","Shrimp"
"Joel Robuchon&#39;s best mashed potato recipe in the world | Chatelaine","https://www.chatelaine.com/recipes/joel-robuchon-mashed-potato-recipe/","Side Dishes & Vegetables","N/A"
"Lemon Feta Potatoes Recipe: Don&#39;t Lose This Baked Potato Recipe | Went Viral | 30Seconds Food","https://flip.it/0HPk6Q","Side Dishes & Vegetables","N/A"
"Lemon Feta Potatoes Recipe: Don&#39;t Lose This Baked Potato Recipe | Went Viral | 30Seconds Food","https://flip.it/t-5oZc","Side Dishes & Vegetables","Beef"
"Light Brioche Hamburger Buns | The Clever Carrot","https://www.theclevercarrot.com/2013/05/light-brioche-hamburger-buns/","Side Dishes & Vegetables","Pork"
"Loaded Mashed Potato Cakes","https://flip.it/MxliWY","Side Dishes & Vegetables","Pork"
"Maple Chipotle Baked Beans Recipe Brings Maximum Flavor to Your Next Barbecue","https://flip.it/ek6Q2l","Side Dishes & Vegetables","N/A"
"Million Dollar Potato Casserole Recipe","https://www.southernliving.com/million-dollar-potato-casserole-8721717","Side Dishes & Vegetables","Shrimp"
"Mini Carrot Cakes Recipe","https://www.southernliving.com/mini-carrot-cakes-8606817","Cakes & Cheesecakes","N/A"
"My Favorite Carrot Cake Recipe | Sally&#39;s Baking Addiction","https://sallysbakingaddiction.com/my-favorite-carrot-cake-recipe/","Side Dishes & Vegetables","Pork"
"Our 10 Best Chicken and Rice Casserole Recipes of All Time Are Real Weeknight Winners","https://flip.it/WwLs6S","Collections & Roundups","N/A"
"Overnight Mac and Cheese","https://flip.it/iR0-jw","Side Dishes & Vegetables","N/A"
"Parmesan Mashed Potatoes With Crispy Garlic &amp; Herb Oil","https://flip.it/aUBMnD","Side Dishes & Vegetables","N/A"
"Perfectly Grilled Corn on the Cob Recipe | Bobby Flay | Food Network","https://www.foodnetwork.com/recipes/bobby-flay/perfectly-grilled-corn-on-the-cob-recipe-1956289","Side Dishes & Vegetables","N/A"
"Potatoes Au Gratin - Spend With Pennies","https://www.spendwithpennies.com/au-gratin-potatoes/","Side Dishes & Vegetables","Crab / Crawfish"
"Potatoes Au Gratin With Gruyere Recipe","https://flip.it/Bpl1yi","Side Dishes & Vegetables","N/A"
"Potatoes Romanoff Recipe (Cheesy Potato Casserole) | Kitchn","https://www.thekitchn.com/potatoes-romanoff-recipe-23199760?utm_source=RSS&utm_medium=feed&utm_campaign=Category/Channel:+collection/vegetarian","Side Dishes & Vegetables","N/A"
"Recipe: Spanish-Style Potatoes","https://www.tastingtable.com/cook/recipes/twice-cooked-potato-recipe-spanish-potato-recipe-crispy-potato-side-dish-recipe","Side Dishes & Vegetables","N/A"
"Roasted Garlic Duchess Potatoes","https://flip.it/jJcYSJ","Side Dishes & Vegetables","Pork"
"Roasted Garlic Focaccia (With Lots Of Olive Oil) Recipe","https://www.tastingtable.com/1546316/roasted-garlic-focaccia-with-lots-of-olive-oil-recipe/","Breads & Flatbreads","N/A"
"Roasted Garlic White Pizza Sauce Recipe","https://flip.it/nmDRHb","Condiments & Sauces","N/A"
"Roasted Garlicky Balsamic Carrots Recipe: Can You Say Delicious? | Vegetables | 30Seconds Food","https://30seconds.com/food/tip/16414/Roasted-Garlicky-Balsamic-Carrots-Recipe-Can-You-Say-Delicious","Side Dishes & Vegetables","N/A"
"Roasted Vegetable Pasta Primavera","https://flip.it/WVsVhO","Side Dishes & Vegetables","N/A"
"Rosemary Bread {Macaroni Grill Copycat Recipe} - Cooking Classy","https://www.cookingclassy.com/rosemary-bread-macaroni-grill-copycat-recipe/","Breads & Flatbreads","N/A"
"Rumbledethumps: Scotland&#39;s Whimsical Cheesy Mashed Potatoes","https://flip.it/gcphxw","Side Dishes & Vegetables","Chicken"
"santa&#39;s shortbread cookies | The Clever Carrot","https://www.theclevercarrot.com/2012/12/santas-shortbread-cookies/","Cookies","N/A"
"Shake Shack Cheese Sauce Recipe: How to Make Cheese Fries At Home - Thrillist","https://www.thrillist.com/news/nation/shake-shack-cheese-sauce-recipe-cheese-fries-at-home","Condiments & Sauces","N/A"
"Slow-Roasted Puerto Rican Pernil Recipe","https://flip.it/V4vNgc","Side Dishes & Vegetables","Pork"
"Smoked Gouda and Scallion Mashed Potatoes","https://flip.it/tqXTuA","Side Dishes & Vegetables","N/A"
"Soul Food Macaroni and Cheese - Cuisine Noir Magazine","https://flip.it/HK9Wrt","Side Dishes & Vegetables","N/A"
"Steakhouse Crispy Criss-Cross Garlic Butter Parmesan Potato Recipe","https://flip.it/3QbH42","Side Dishes & Vegetables","N/A"
"Steakhouse Tomahawk Steak Recipe With Roasted Garlic Butter &amp; Herbs Can&#39;t Be Beat","https://flip.it/F10Pwe","Side Dishes & Vegetables","Beef"
"Tabitha&#39;s Green Chile Rice Casserole Recipe: This Creamy Rice Casserole Recipe Is Loaded With Texas Attitude | Casseroles | 30Seconds Food","https://30seconds.com/food/tip/29290/Tabithas-Green-Chile-Rice-Casserole-Recipe-This-Creamy-Rice-Casserole-Recipe-Is-Loaded-With-Texas-Attitude","Side Dishes & Vegetables","N/A"
"Tasting Table Recipe: Cheesy Funeral Potatoes Recipe","https://flip.it/2h0Ms4","Side Dishes & Vegetables","N/A"
"Tasting Table Recipe: Dirty Rice Recipe","https://flip.it/ieEbGe","Side Dishes & Vegetables","N/A"
"Tasting Table Recipe: Garlic Shrimp Mac And Cheese Recipe","https://flip.it/5TXO2n","Side Dishes & Vegetables","Shrimp"
"The Absolute Best Baked Beans Recipe: Texas-Style Ground Beef Beans Recipe","https://flip.it/UE_gOz","Side Dishes & Vegetables","Beans / Legumes"
"The Best Crispy Roast Potatoes Ever Recipe","https://www.seriouseats.com/the-best-roast-potatoes-ever-recipe","Side Dishes & Vegetables","N/A"
"The ‘Potato Scallops’ Scandal Has Gone Viral – So I Made Them To See What the Fuss Was About","https://flip.it/8JA4za","Side Dishes & Vegetables","N/A"
"These Crispy Parmesan-Crusted Roasted Potatoes Are Life-Changing","https://flip.it/gnVnxE","Side Dishes & Vegetables","N/A"
"This Bulgarian Potato Recipe (Patanik) Has a Surprisingly Refreshing Ingredient | Side Dishes | 30Seconds Food","https://flip.it/BxUjPE","Side Dishes & Vegetables","N/A"
"""This Easy, Cheesy Mashed Potato &amp; Bacon Balls Recipe Is the Bomb""","https://flip.it/wqPp-r","Side Dishes & Vegetables","N/A"
"""This Easy, Cheesy Mashed Potato &amp; Bacon Balls Recipe Is the Bomb | Side Dishes | 30Seconds Food""","https://flip.it/sPBjAx","Side Dishes & Vegetables","Mixed Seafood"
"This One Simple Trick Makes The Crunchiest Roast Potatoes","https://www.lifehacker.com.au/2021/07/this-one-simple-trick-makes-the-crunchiest-roast-potatoes/","Side Dishes & Vegetables","N/A"
"This Steakhouse Potatoes Romanoff Recipe Is Kind of Famous | Side Dishes | 30Seconds Food","https://30seconds.com/food/tip/54370/This-Steakhouse-Potatoes-Romanoff-Recipe-Is-Kind-of-Famous","Side Dishes & Vegetables","N/A"
"Try these viral crispy Parmesan roasted potatoes and you&#39;ll never look at spuds the same","https://flip.it/Ka2N9U","Side Dishes & Vegetables","Salmon"
"Twice-Baked Potato Casserole Recipe (Loaded with Bacon and Cheese) | Kitchn","https://www.thekitchn.com/twice-baked-potato-casserole-recipe-23214017?utm_source=RSS&utm_medium=feed&utm_campaign=Category/Channel:+collection/affiliate","Side Dishes & Vegetables","Crab / Crawfish"
"Twice-Baked Potatoes Casserole","https://flip.it/kq.Nwy","Side Dishes & Vegetables","N/A"
"Vegan Garlic Pasta | Minimalist Baker Recipes","https://minimalistbaker.com/creamy-vegan-garlic-pasta-with-roasted-tomatoes/","Pasta & Noodles","N/A"
"Vegan Mashed Potatoes | Minimalist Baker Recipes","https://minimalistbaker.com/the-best-damn-vegan-mashed-potatoes/","Side Dishes & Vegetables","Chicken"
"Wild Cajun Dirty Rice -","https://flip.it/uPzJJD","Side Dishes & Vegetables","Salmon"
"You&#39;ve Been Missing Out On This Spanish-Style Potato Recipe","https://flip.it/uTrFwV","Side Dishes & Vegetables","N/A"
"Albondigas Soup","https://lilluna.com/albondigas-soup/","""Soups, Stews & Chili""","Beef"
"Asopao de Pollo (Puerto Rican Chicken Stew) | Salima&#39;s Kitchen","https://salimaskitchen.com/asopao-de-pollo/","""Soups, Stews & Chili""","Chicken"
"Award Winning Chili Recipe - Genius Kitchen","http://www.geniuskitchen.com/recipe/award-winning-chili-105865","""Soups, Stews & Chili""","Beef"
"Beef stew","https://www.allrecipes.com/recipe/281995/classic-hearty-beef-stew/","""Soups, Stews & Chili""","Beef"
"Best Dessert Recipes from Martha Stewart | Martha Stewart","https://www.marthastewart.com/8109458/best-dessert-recipes","""Soups, Stews & Chili""","Chicken"
"Chicken and Sausage Gumbo - xoxoBella","https://xoxobella.com/chicken-and-sausage-gumbo/","""Soups, Stews & Chili""","Chicken"
"Chicken Enchilada Soup - Chili&#39;s Copycat","https://flip.it/Fzye95","""Soups, Stews & Chili""","Chicken"
"Chile Corn Chowder","https://flip.it/LOH.EG","""Soups, Stews & Chili""","Mixed Seafood"
"Chili Cheese Dog Pot Pie Recipe - Allrecipes.com","https://www.allrecipes.com/recipe/50919/chili-cheese-dog-pot-pie/","""Soups, Stews & Chili""","Beef"
"Chipotle Chicken Fresh Mex Bowl - Chili&#39;s Copycat","https://flip.it/l6uMiS","""Soups, Stews & Chili""","Chicken"
"Classic Lone Star Beef Chili Recipe (without beans!) – Jess Pryles","https://jesspryles.com/recipe/lone-star-beef-chili/","""Soups, Stews & Chili""","Beef"
"Creamy Chicken and Wild Rice Soup","https://flip.it/s9ZT2u","""Soups, Stews & Chili""","Chicken"
"Creamy Mashed Potato Soup Recipe Is a Genius Way to Use Leftovers (20 Minutes) | Soups | 30Seconds Food","https://30seconds.com/food/tip/51546/Creamy-Mashed-Potato-Soup-Recipe-Is-a-Genius-Way-to-Use-Leftovers-20-Minutes","""Soups, Stews & Chili""","N/A"
"Creamy Mexican Green Chile Chicken Tortilla Soup Recipe (Stovetop or Slow Cooker) | Soups | 30Seconds Food","https://30seconds.com/food/tip/66633/Creamy-Mexican-Green-Chile-Chicken-Tortilla-Soup-Recipe-Stovetop-or-Slow-Cooker","""Soups, Stews & Chili""","Chicken"
"Creamy Sausage Tortellini Soup Tastes Like It&#39;s Been Simmering All Day Even Though It Takes 30 Minutes to Make","https://flip.it/mEc9Lk","""Soups, Stews & Chili""","Pork"
"""Creamy Tortellini, Ham &amp; White Bean Chowder Recipe Fills You Up | Soups | 30Seconds Food""","https://30seconds.com/food/tip/13149/Creamy-Tortellini-Ham-White-Bean-Chowder-Recipe-Fills-You-Up?utm_source=flipboard&utm_content=topic/food","""Soups, Stews & Chili""","Pork"
"Creole Seafood Jambalaya","https://flip.it/_AVUqI","""Soups, Stews & Chili""","Fish (White)"
"Creole Shrimp and Bacon Bisque","https://flip.it/5BCrlp","""Soups, Stews & Chili""","Shrimp"
"Delicious Chicken Rice Soup | A Food Lover&#39;s Kitchen","https://afoodloverskitchen.com/chicken-wild-rice-soup/","""Soups, Stews & Chili""","Chicken"
"Disneyland&#39;s Cafe Orleans has been serving the same gumbo for more than 15 years. Get the recipe.","https://flip.it/PrLaHa","""Soups, Stews & Chili""","Fish (White)"
"Fontina Cheese Is The Star Ingredient In This Thick Italian Soup","https://flip.it/ttNvSJ","""Soups, Stews & Chili""","N/A"
"""Gordon Ramsay&#39;s Bacon, Sweetcorn, Potato Soup Is A Hearty Meal Featuring Cheap Ingredients""","https://www.tastingtable.com/1454732/gordon-ramsay-bacon-sweetcorn-potato-soup-explained/","""Soups, Stews & Chili""","N/A"
"Green Chili Mac Cheese Recipe","https://flip.it/RJmNM1","""Soups, Stews & Chili""","N/A"
"How To Make Jambalaya | Kitchn","https://www.thekitchn.com/jambalaya-recipe-23153063","""Soups, Stews & Chili""","N/A"
"How To Make: Beef Stew &amp; Cheesy Dumplings","https://flip.it/DN4Q42","""Soups, Stews & Chili""","N/A"
"I Tried Ree Drummond’s Famous Potato Soup and It&#39;s So Cozy | The Kitchn","https://www.thekitchn.com/ree-drummond-potato-soup-recipe-review-23591487","""Soups, Stews & Chili""","N/A"
"Loaded Baked Potato Soup Recipe","https://www.thespruceeats.com/loaded-baked-potato-soup-3059796","""Soups, Stews & Chili""","N/A"
"Mexican Chicken Pozole Verde Recipe - Anya von Bremzen | Food &amp; Wine","https://www.foodandwine.com/recipes/mexican-chicken-pozole-verde","""Soups, Stews & Chili""","N/A"
"Navy Bean Soup Recipe (Hearty Ham Version) | Kitchn","https://www.thekitchn.com/navy-bean-soup-recipe-23218210?utm_source=RSS&utm_medium=feed&utm_campaign=Category/Channel:+collection/dinner","""Soups, Stews & Chili""","N/A"
"Pesto Tortellini Zuppa Toscana. - Half Baked Harvest","https://www.halfbakedharvest.com/pesto-tortellini-zuppa-toscana/","""Soups, Stews & Chili""","N/A"
"Pork Chili Verde Recipe: Easy Slow-cooker Pork Chili Recipe With White Beans","https://flip.it/crwf-y","""Soups, Stews & Chili""","N/A"
"Sausage and Potato Soup With Kale Recipe","https://www.thespruceeats.com/sausage-and-potato-soup-with-kale-3059798","""Soups, Stews & Chili""","Chicken"
"Shrimp and Chorizo Chowder","https://flip.it/pBqzHr","""Soups, Stews & Chili""","Chorizo"
"Simmering Saturdays: Shepherds Pie Soup","https://flip.it/7OtD68","""Soups, Stews & Chili""","Pork"
"""Simple, Perfect Chili Recipe : Ree Drummond : Food Network""","http://www.foodnetwork.com/recipes/ree-drummond/simple-perfect-chili-recipe.html","""Soups, Stews & Chili""","Beef"
"Slow Cooker Chicken Corn Chowder","""https://bagelsandlasagna.com/slow-cooker-chicken-corn-chowder/?utm_source=flipboard&utm_content=Leah_ingram/magazine/Air+Fryer,+Instant+Pot+%26+Slow+Cooker""","""Soups, Stews & Chili""","Beans / Legumes"
"Slow Cooker Creamy Tortellini Soup","https://flip.it/F3nm48","""Soups, Stews & Chili""","Crab / Crawfish"
"""Sweet Corn, Peppered Bacon and Shrimp Chowder""","https://flip.it/4fR9e2","""Soups, Stews & Chili""","Pork"
"Tasting Table Recipe: Best Etouffee Recipe","https://flip.it/gEZVPW","""Soups, Stews & Chili""","Crab / Crawfish"
"The Cheesecake Factory&#39;s Cajun Jambalaya Pasta Recipe (Not a Copycat!)","https://flip.it/PZsWJa","""Soups, Stews & Chili""","Pork"
"Thick and Creamy Shrimp Corn Chowder with Bacon - Darrel&#39;s Recipes","https://flip.it/By.u.9","""Soups, Stews & Chili""","Shrimp"
"This Creamy Soup Is Like a Warm Hug Made of Roast Potatoes","https://flip.it/h7-j8o","""Soups, Stews & Chili""","Pork"
"""We Made Emeril’s Jambalaya and Yes, the Recipe Made Us Say ‘Bam!’""","https://flip.it/2w8ERp","""Soups, Stews & Chili""","Pork"
"White Chicken Chili (BEST EVER!) - Cooking Classy","https://www.cookingclassy.com/white-chicken-chili/","""Soups, Stews & Chili""","Eggs"
"Why Pozole Is Mexico’s Ultimate Comfort Food (And How To Make It Perfectly At Home)","https://www.gamintraveler.com/2025/08/23/how-to-make-pozole/?utm_source=flipboard&utm_content=food/magazine/The+Recipe+Exchange","""Soups, Stews & Chili""","Beef"
"48 Food And Drink Hacks From The Internet That Actually Work","https://www.buzzfeed.com/hannahloewentheil/best-food-hacks-on-internet","Tips & Techniques","Beef"
"Abuela’s Secret Spanish Tortilla Recipe: Why This Simple Dish Is Spain’s Greatest Comfort Food","https://www.gamintraveler.com/2025/07/12/abuelas-spanish-tortilla-tortilla-espanola-recipe-guide/?utm_source=flipboard&utm_content=food/magazine/The+Recipe+Exchange","Breads & Flatbreads","N/A"
"Candied pecans are good on everything and make a great last minute gift: Here&#39;s how to make them - The Manual","https://www.themanual.com/food-and-drink/candied-pecans-recipe/","Tips & Techniques","Pork"
"Chocolate Babka Recipe - NYT Cooking","https://cooking.nytimes.com/recipes/1018045-chocolate-babka","Desserts (General)","N/A"
"Dairy-Free Gluten-Free Pastry Flour Hack | Great gluten free recipes for every occasion.","https://glutenfreeonashoestring.com/dairy-free-gluten-free-pastry-flour-hack/","Desserts (General)","N/A"
"Gina&#39;s Brown Sugar Bacon Recipe | The Neelys | Food Network","https://www.foodnetwork.com/recipes/patrick-and-gina-neely/ginas-brown-sugar-bacon-recipe-1948369","Breakfast & Brunch","Pork"
"How A Parchment Paper Cartouche Can Help Food Cook More Evenly","https://flip.it/nBXu5l","Tips & Techniques","Beef"
"How to make 3 different types of caramel","https://flip.it/x0b5hU","Candy & Confections","N/A"
"How To Make A Piña Colada So Good You&#39;ll Think You&#39;re On Vacation","https://flip.it/0m1-Yg","Tips & Techniques","Beans / Legumes"
"How to Make Chicken Fried Steak | The Manual","https://www.themanual.com/food-and-drink/how-to-make-chicken-fried-steak/","Main Dishes","Beef"
"How to Make Classic Pork Vindaloo at Home","https://flip.it/mtQnac","Main Dishes","Pork"
"""How To Make Creamy, Cheesy Instant Pot Chicken and Rice""","https://flip.it/azydCp","Main Dishes","Chicken"
"How to Make Deviled Eggs","https://flip.it/7GjdI7","Appetizers & Snacks","Eggs"
"How to Make Homemade Sausage - YouTube","https://www.youtube.com/watch?v=RPQP4TC3E1w","Main Dishes","Pork"
"How To Make Mexican Carne Asada for a Winning Meat Entrée - The Manual","https://www.themanual.com/food-and-drink/how-to-make-mexican-carne-asada/","Tips & Techniques","Beef"
"How to Make Shrimp Ceviche – Add to Your Summer Menu","https://flip.it/_hM8rH","Main Dishes","Shrimp"
"How to Make Tortilla Bowls &amp; Cups","https://www.theyummylife.com/tortilla_bowls","Salads","N/A"
"How to Reheat Pulled Pork - Keeping it Moist and Delicious","https://www.foodfirefriends.com/how-to-reheat-pulled-pork/","Main Dishes","Pork"
"How to Substitute Honey for Sugar in Baking and Cooking with Printable – Big Island Bees","https://bigislandbees.com/blogs/honey-recipes/how-to-cook-with-honey","Tips & Techniques","Chicken"
"How to Swap Honey for Sugar in Baked Goods | Kitchn","https://www.thekitchn.com/4-rules-for-successfully-swapping-honey-for-sugar-in-any-baked-goods-230156","Desserts (General)","N/A"
"Learn the secret for parchment paper piping bags","https://flip.it/xfJEID","Candy & Confections","N/A"
"The 40 Best-Ever Recipes from Food &amp; Wine | Food &amp; Wine","https://www.foodandwine.com/cooking-techniques/fw-40-best-ever-recipes","Collections & Roundups","N/A"
"The Pork Tenderloin Mistake 90% Of Home Cooks Make (And The Juicy Recipe That Fixes It)","https://www.gamintraveler.com/2025/09/01/how-to-make-pork-tenderloin/?utm_source=flipboard&utm_content=food/magazine/The+Recipe+Exchange","Main Dishes","Pork"
"The secret to making Kiawah Island Golf Resort’s show-stopping Crispy Shrimp","https://flip.it/5VP6J-","Main Dishes","Shrimp"
"""The secret to making perfect bacon, according to a golf-club chef""","https://golf.com/lifestyle/food/keys-perfect-bacon-golf-club-chef/","Breakfast & Brunch","Pork"
"""The secret to making perfect chicken fried steak, according to a golf-club chef""","https://flip.it/fIFmzW","Main Dishes","Beef"
"This Is How to Make CHOCOLATE Gravy Like a Southerner","https://flip.it/XK0USz","Desserts (General)","N/A"
"Trim Healthy Mama Baking Blend Substitute - Joy Filled Eats","https://joyfilledeats.com/trim-healthy-mama-baking-blend-substitute/","Candy & Confections","N/A"
"Using Honey as a Sugar Substitute and Other Cooking Tips","https://www.thespruceeats.com/honey-cooking-tips-1809268","Desserts (General)","N/A"
"What Are KFC&#39;s 11 Herbs and Spices?","https://flip.it/5Up7G4","Main Dishes","Chicken"
"Why Southerners Love the Simplicity of Classic Salmon Patties","https://flip.it/ujfObp","Main Dishes","Salmon"
"&#39;World&#39;s Best&#39; Mac Cheese","https://flip.it/NhcQ.Q","Side Dishes & Vegetables","N/A"
"Lasagna Roll Ups","https://flip.it/9ZXOOj","Main Dishes","Beef"
"Richard Sax’s Chocolate Cloud Cake","https://flip.it/utWKUM","Cakes & Cheesecakes","N/A"
"Diner-Style Chicken Fried Steak Recipe","https://flip.it/l9pCNr","Main Dishes","N/A"
"(no title)","https://www.inspiredtaste.net/8947/salted-caramels-recipe/","⚠️ Needs Review","Pork"
"Lobster Tail Pastry","https://feelingfoodish.com/lobster-tail-pastry/","Desserts (General)","N/A"
"Kentuck hot brown","https://www.seasonedkitchen.com/recipe-for-kentucky-hot-brown","""Sandwiches, Wraps & Tacos""","N/A"
"Bobby Flay's Shrimp And Roasted Garlic Tamale Recipe","https://www.mashed.com/658282/bobby-flays-shrimp-and-roasted-garlic-tamale-recipe-with-a-twist/","Main Dishes","Shrimp"
"Onion Rings","https://flip.it/rz0jUZ","Side Dishes & Vegetables","N/A"
"Twice Baked Potatoes","https://flip.it/VWpgnI","Side Dishes & Vegetables","N/A"
"Crispy Fluffy Hush Puppies Recipe","https://flip.it/HTZ1ID","Side Dishes & Vegetables","N/A"
"Chocolage Ganache","https://sallysbakingaddiction.com/chocolate-ganache/","Desserts (General)","N/A"
"Spanish-Style Caramelized French Toast","https://flip.it/lLDAYp","Breakfast & Brunch","N/A"
"Panda Express Orange Chicken","https://flip.it/elXo.Q","Main Dishes","Chicken"
"Orange Honey Barbecue Basting Sauce","https://flip.it/31YNA9","Condiments & Sauces","N/A"
"Creamy Million Dollar Chicken Casserole","https://flip.it/FErwOj","Main Dishes","Chicken"
"Viral Croissant-Making Video We Can’t Stop Watching","https://flip.it/mAP2CT","Breads & Flatbreads","N/A"
"10 Baked Goods Our Editors Are Gifting This Holiday","https://www.southernliving.com/edible-baked-christmas-gifts-6536077?utm_source=flipboard&utm_content=topic/foodcooking","Collections & Roundups","N/A"
"10 Million-Dollar Recipes","https://flip.it/aAaFfS","Collections & Roundups","N/A"
"15-Minute Crispy Pork Chops Recipe With Italian Tomato Sauce &amp; Parmigiano-Reggiano","https://flip.it/uMpKyr","Main Dishes","Pork"
"25 Gluten-Free Thanksgiving Desserts That Everyone Will Love","https://flip.it/EFoA0u","Collections & Roundups","N/A"
"8 Make-Ahead Holiday Meals That Will Lower Your Stress Level | Hunker","https://flip.it/2_G9Zv","Collections & Roundups","N/A"
"Air Fryer Sausage and Peppers (+Onions)","https://flip.it/n6pUno","Main Dishes","Pork"
"Alyssa’s Inspired Healthy Oatmeal Bites – Peanut Butter and Jilly","https://peanutbutterandjilly.com/recipes/healthy-oatmeal-bites/","Breakfast & Brunch","N/A"
"America’s Test Kitchen: Goan Pork Vindaloo (Ep 2212) | WSKG","https://flip.it/K3v3mJ","Main Dishes","Pork"
"America’s Test Kitchen’s Most Popular Recipes of 2021 | America&#39;s Test Kitchen","https://flip.it/J8XvD7","Collections & Roundups","N/A"
"Amish Creamed Chicken Recipe With Noodles Is Ready in 20 Minutes","https://flip.it/9SzusQ","Main Dishes","Chicken"
"Apple cider caramel cronuts taste like fall | Salon.com","https://www.salon.com/2020/10/04/recipe-salted-apple-cider-caramel-cronuts/","Main Dishes","N/A"
"Badass Cashew Chicken Recipe: The Only Cashew Chicken Recipe You Will Ever Need","https://flip.it/Z9YKli","⚠️ Needs Review","Pork"
"Baked Garlicky Salmon Balls","https://flip.it/ST8k-0","Main Dishes","Salmon"
"Balsamic Brown Sugar Pork Tenderloin Recipe Is Slow-Cooker Succulence (9 Ingredients) | Pork | 30Seconds Food","https://30seconds.com/food/tip/88597/Balsamic-Brown-Sugar-Pork-Tenderloin-Recipe-Is-Slow-Cooker-Succulence-9-Ingredients?utm_source=flipboard&utm_content=topic/foodcooking","Main Dishes","Pork"
"Basic Salmon Croquettes Recipe | MyRecipes.com","http://www.myrecipes.com/recipe/basic-salmon-croquettes","Main Dishes","Salmon"
"Best Carne Guisada Recipe: The Easiest Carne Guisada Recipe You&#39;ll Ever Make","https://flip.it/j.a7e3","Main Dishes","Beef"
"Braised Ropa Vieja Recipe","https://flip.it/BKLcxC","⚠️ Needs Review","Plant-Based"
"Cajun-Seasoned Blackened Cod","https://flip.it/.p1CAV","Main Dishes","Fish (White)"
"Candied citrus peel","https://www.bbcgoodfood.com/recipes/candied-citrus-peel","Candy & Confections","N/A"
"Chipotle Cheddar Crackers","https://flip.it/nzMzta","Appetizers & Snacks","N/A"
"Chocolate Crinkles","https://flip.it/TEquBa","Desserts (General)","N/A"
"Chocolate Peanut Butter Haystacks Recipe","https://flip.it/cdqB4c","⚠️ Needs Review","Pork"
"Chorizo A La Sidra - Spanish Chorizo In Cider Recipe","https://fooddrinkdestinations.com/chorizo-in-cider-recipe-chorizo-a-la-sidra/","Main Dishes","Chorizo"
"Cinnamon Pecan Knots | The Beach House Kitchen","https://thebeachhousekitchen.com/2019/08/01/cinnamon-pecan-knots/","Desserts (General)","N/A"
"Classic British Fish And Chips Recipe","https://flip.it/g7UqzC","Main Dishes","Fish (White)"
"Classic Condiment Recipes Every Southerner Should Know","https://flip.it/AP3Z7V","Collections & Roundups","N/A"
"Classic Southern Fried Shrimp Recipe","https://flip.it/haecEz","Main Dishes","Shrimp"
"Copycat Chipotle Chicken","https://flip.it/EMGOUQ","Main Dishes","Chicken"
"Copycat Long John Silver&#39;s Fish Batter Recipe Makes Super Crispy Fish (or Chicken)","https://flip.it/02XkRf","⚠️ Needs Review","Pork"
"Copycat Long John Silver&#39;s Fish Batter Recipe Makes Super Crispy Fish (or Chicken) | Seafood | 30Seconds Food","https://flip.it/66Unqj","Main Dishes","Fish (White)"
"Copycat Texas Roadhouse Butter - The Cozy Cook","https://thecozycook.com/copycat-texas-roadhouse-butter/","⚠️ Needs Review","Pork"
"Crab Mac &#39;n&#39; Cheese | Nigella&#39;s Recipes | Nigella Lawson","https://www.nigella.com/recipes/crab-mac-n-cheese","Side Dishes & Vegetables","N/A"
"Creamy Garlic Parmesan Shrimp Recipe: With This One-Pan Shrimp Recipe You&#39;re 20 Minutes Away From Happiness","https://flip.it/9JQwsN","Main Dishes","Shrimp"
"Crispy Baked Tandoori Chicken Wings Recipe Is Better Than a Touchdown","https://flip.it/ZnhKWS","Main Dishes","Chicken"
"Crispy Portuguese Bolinhos Recipe: This Salt Cod Croquette Recipe Is Crunchy Goodness","https://flip.it/ndJzaJ","Main Dishes","Fish (White)"
"Crispy Sweet &amp; Sour Chicken Recipe Satisfies Those Chinese Food Cravings","https://flip.it/sp-rP0","Main Dishes","Chicken"
"Dan Pelosi&#39;s Recipe For Gigantic Meatballs Has An Old Sicilian Secret","https://spoonuniversity.com/recipe/dan-pelosi-recipe-for-gigantic-meatballs","Main Dishes","Beef"
"Diner-Style Chicken Fried Steak Recipe","https://flip.it/jnEc7J","Main Dishes","Beef"
"Dry Ranch Dressing Mix Makes The Best Chicken Strips Ever","https://flip.it/jWXfob","⚠️ Needs Review","Pork"
"Easy Starbucks Copycat Lemon Loaf Recipe Tastes Like the Real Thing","https://flip.it/MYzPuR","Desserts (General)","N/A"
"""Easy, No-Fuss Thanksgiving Turkey - Tastes Better From Scratch""","https://tastesbetterfromscratch.com/easy-no-fuss-thanksgiving-turkey/","Main Dishes","Turkey"
"Fool proof poached eggs","https://flip.it/-bwfVZ","Breakfast & Brunch","Eggs"
"Fool-Proof Poached Eggs Recipe - Tasting Table","https://flip.it/wytyvT","Breakfast & Brunch","Eggs"
"French Madeleines","https://flip.it/OyTS7l","Cookies","N/A"
"French Onion Stuffed Pork Loin","https://flip.it/Y0Cl7L","⚠️ Needs Review","Chicken"
"Frico - Memorie di Angelina","https://memoriediangelina.com/2018/03/23/frico/","Breakfast & Brunch","Eggs"
"Garlic Balsamic Brown Sugar Steaks","https://flip.it/RMaafY","Main Dishes","Beef"
"Gluten-Free Graham Crackers {Dairy-Free Option} - Mama Knows Gluten Free","https://www.mamaknowsglutenfree.com/gluten-free-graham-crackers/","Appetizers & Snacks","N/A"
"Gluten-Free Meatballs {Dairy-Free Option} - Mama Knows Gluten Free","https://www.mamaknowsglutenfree.com/gluten-free-meatballs/","Main Dishes","Beef"
"Gretchen&#39;s table: Three Cheese and Spinach Manicotti","https://flip.it/oSBszn","Pasta & Noodles","N/A"
"Honey-Garlic Chicken Skewers","https://flip.it/qABnYD","Cakes & Cheesecakes","Chicken"
"Hong Kong-Style Sweet And Sour Chicken Recipe","https://flip.it/QdY67G","Cakes & Cheesecakes","Chicken"
"Hooters Wings Recipe - Food.com","https://www.food.com/recipe/hooters-buffalo-wings-8590","Cakes & Cheesecakes","Chicken"
"Huevos Rotos Recipe - Spanish Broken Eggs With Jamon","https://fooddrinkdestinations.com/huevos-rotos-recipe-spanish-broken-eggs-with-jamon/","Breakfast & Brunch","Eggs"
"I&#39;m a professional baker and my boyfriend is a chef. Here are 13 of our favorite things to buy at Costco.","https://flip.it/lcDrJH","Tips & Techniques","N/A"
"Ina Garten’s Shrimp Scampi Is for Lemon-Lovers","https://flip.it/pKKUIJ","Main Dishes","Shrimp"
"Instant Pot Beef Stroganoff","https://flip.it/oB4p92","⚠️ Needs Review","Lobster"
"Jamaican Beef Patties","https://flip.it/UuYhrq","Main Dishes","Beef"
"Kardea Brown&#39;s Favorite Places To Eat In Charleston","https://www.mashed.com/1428603/kardea-brown-favorite-restaurants-charleston/","Tips & Techniques","N/A"
"Lemon-Balsamic Chicken Thighs","https://flip.it/EfO72S","Main Dishes","Chicken"
"Maple Glazed Ham | RecipeTin Eats","https://www.recipetineats.com/easy-maple-sticky-glazed-ham/","Main Dishes","Pork"
"Meringue Recipe - Add a Pinch","https://addapinch.com/how-to-make-meringue-recipe/","Desserts (General)","N/A"
"Millionaire’s Bacon Recipe","https://www.simplyrecipes.com/millionaires-bacon-recipe-8763572?utm_source=flipboard&utm_content=SimplyRecipes/magazine/Simply+Recipes","Breakfast & Brunch","Pork"
"Our Favorite 9x13 Thanksgiving Sides That Feed a Crowd","https://flip.it/UWq7nl","Collections & Roundups","N/A"
"Our Top 20 Recipes on Instagram in 2021","https://flip.it/tv_ny4","Collections & Roundups","N/A"
"Pain Au Chocolat","https://flip.it/-fPtEX","Desserts (General)","N/A"
"Pan-fried Garlic Shrimp Recipe With Crispy Lemon Panko Crumbs","https://flip.it/QBmQ.D","Main Dishes","Shrimp"
"Pan-Fried Salmon Balls  - Cook What You Love Uncategorized","https://cookwhatyoulove.com/pan-fried-salmon-balls/?utm_source=flipboard&utm_content=food%2Fmagazine%2FThe+Recipe+Exchange","Main Dishes","Salmon"
"Pepper Steak","https://flip.it/Qu1qwn","Main Dishes","Beef"
"Perfect sushi rice ⋆ Make my Sushi","https://makemysushi.com/Recipes/how-to-make-sushi-rice","Side Dishes & Vegetables","N/A"
"perini ranch jessica&#39;s favorite green chile hominy recipe | recipegoldmine.com","https://recipegoldmine.com/ccp/perini-ranch-green-chile-hominy.html","Side Dishes & Vegetables","N/A"
"Persian-Style Baked Saffron Rice with Chicken","https://flip.it/wkf-7g","Main Dishes","Chicken"
"Pommels persillade","https://www.thekitchn.com/pommes-persillade-22977600","Side Dishes & Vegetables","N/A"
"Pork Vindaloo","https://flip.it/ta64IE","Main Dishes","Pork"
"Ranch Deviled Eggs Recipe With Bacon: Creamy Ranch &amp; Bacon Deviled Eggs for the Win","https://flip.it/5cUsCt","Appetizers & Snacks","Eggs"
"Refried Beans From Scratch","https://flip.it/xLwmmg","Side Dishes & Vegetables","Beans / Legumes"
"Refried beans recipe: a life pursuit | Homesick Texan","https://www.homesicktexan.com/2007/03/life-pursuit-refried-beans.html","Side Dishes & Vegetables","Beans / Legumes"
"Repeat Mac-n-Cheese Bowl winner shares recipe","https://flip.it/L5.D9_","Side Dishes & Vegetables","N/A"
"Salmon Wellington Recipe","https://flip.it/xG3Ycb","Main Dishes","Salmon"
"Sausage and Red Onion Sheet Pan Quiche | Food &amp; Wine","https://www.foodandwine.com/recipes/sausage-and-red-onion-sheet-pan-quiche","Breakfast & Brunch","Eggs"
"Sausage Gravy Recipe | Ree Drummond | Food Network","https://www.foodnetwork.com/recipes/sausage-gravy-2145820","Breakfast & Brunch","Pork"
"Seamus Mullen&#39;s love affair with tortilla española: Find beauty in the simplicity of this dish","https://flip.it/f0PBKz","Breakfast & Brunch","Eggs"
"Sexy Chocolate Whipped Cream Recipe: When Regular Whipped Cream Just Won&#39;t Do","https://flip.it/PDEGbd","Desserts (General)","N/A"
"Shortcrust Pastry (Pâte Brisée) Recipe","https://www.allrecipes.com/shortcrust-pastry-pate-brisee-recipe-7565344","Breads & Flatbreads","N/A"
"Slow Cooker Cinnamon Sugar Pecans - Upstate Ramblings","https://www.upstateramblings.com/slow-cooker-cinnamon-sugar-pecans/","Appetizers & Snacks","N/A"
"Soft Caramel Candies - Sally&#39;s Baking Addiction","https://sallysbakingaddiction.com/soft-caramel-candies/","Candy & Confections","N/A"
"Spanish Chorizo And Beans Recipe - The Bean Bites","https://thebeanbites.com/spanish-chorizo-and-beans-recipe/","Main Dishes","Chorizo"
"Sushi Rice Recipe | Gimme Some Oven","https://www.gimmesomeoven.com/sushi-rice/","Side Dishes & Vegetables","N/A"
"Tasting Table Recipe: Chile Colorado Recipe","https://flip.it/qNJhy2","Main Dishes","Beef"
"Teriyaki Chicken on a Stick","https://flip.it/OH5VaE","Main Dishes","Chicken"
"The 5 Best Mardi Gras Recipes To Celebrate Fat Tuesday","https://flip.it/Z_WYPK","Collections & Roundups","N/A"
"The BEST All Purpose Gluten Free Flour Mix Recipe","https://alittleinsanity.com/all-purpose-gluten-free-flour-mix-recipe/","Breads & Flatbreads","N/A"
"The Best P.F. Chang’s Mongolian Beef Copycat Recipe","https://flip.it/sVyPGw","Main Dishes","Beef"
"The Best Way To Ensure Fluffy Homemade Flour Tortillas","https://flip.it/4GWHmt","Breads & Flatbreads","N/A"
"The Coziest Winter Comfort Foods","https://flipboard.com/@tasteofhome/the-coziest-winter-comfort-foods-mbru86viscnnshfn?from=share&utm_source=flipboard&utm_medium=share","Collections & Roundups","N/A"
"The Foolproof Way To Make Rice Like A Master Sushi Chef","https://flip.it/smQaxO","Side Dishes & Vegetables","N/A"
"The Most Popular Recipes of 2021","https://flip.it/V8W2cX","Collections & Roundups","N/A"
"The Most Whimsical Way To Use Leftover Rigatoni (If You&#39;re Patient)","https://flip.it/jc-6fg","Pasta & Noodles","N/A"
"These Garlicky Shrimp Tostadas Are My Family’s Current Weeknight Obsession","https://flip.it/0tDwle","Main Dishes","Shrimp"
"This 400-Year Old Italian Mac &amp; Cheese Recipe Has Seriously Stood The Test Of Time","https://flip.it/4yYsr0","Side Dishes & Vegetables","N/A"
"This Savory Lemon Garlic Shrimp Simmered in Butter Sauce Is the Most Satisfying Dish Ever","https://flip.it/jczW_f","Main Dishes","Shrimp"
"Veggie-Loaded Mexican Calabacitas Recipe","https://flip.it/-DSMw7","Main Dishes","N/A"
"With beans comes rice | Homesick Texan","https://www.homesicktexan.com/2008/06/with-beans-comes-rice.html","Side Dishes & Vegetables","Beans / Legumes"
"Creamy Green Chile Shrimp Enchiladas","https://www.julieseatsandtreats.com/shrimp-enchiladas/","Main Dishes","Shrimp"
